{"arguments": {"num_samples": 10000, "split_train_test_ratio": 0.5, "number_angles": 200, "nearest_k": 100, "c_dist_approx": true, "output_folder": "Results//Curves-Dataset_grT-Complexity_4-Iteration_8"}, "knn": {"max_precision": 1.0, "max_recall": 1.0, "median_precision": 0.9146126797090874, "median_recall": 0.9146158138091716, "fbeta_precision": 0.9926644604173435, "fbeta_recall": 0.9868231927001021, "auc": 0.9785412598561989}}