{"arguments": {"num_samples": 10000, "split_train_test_ratio": 0.5, "number_angles": 200, "nearest_k": 100, "c_dist_approx": true, "output_folder": "Results//Curves-Dataset_grT-Complexity_4-Iteration_9"}, "knn": {"max_precision": 1.0, "max_recall": 1.0, "median_precision": 0.8681633260358403, "median_recall": 0.8819822125103796, "fbeta_precision": 0.9771374855448955, "fbeta_recall": 0.9816881780430429, "auc": 0.9494472488053003}}