{"arguments": {"num_samples": 9787, "split_train_test_ratio": 0.5, "number_angles": 200, "nearest_k": 98, "c_dist_approx": true, "output_folder": "Results//Curves-Dataset_grT-Complexity_4-Iteration_9"}, "knn": {"max_precision": 1.0, "max_recall": 1.0, "median_precision": 0.8759846115493818, "median_recall": 0.8759822180200154, "fbeta_precision": 0.9764412299981279, "fbeta_recall": 0.9830244580340128, "auc": 0.9544106235995085}}