{"arguments": {"num_samples": 10000, "split_train_test_ratio": 0.5, "number_angles": 200, "nearest_k": 100, "c_dist_approx": true, "output_folder": "Results//Curves-Dataset_grT-Complexity_4-Iteration_9"}, "knn": {"max_precision": 1.0, "max_recall": 1.0, "median_precision": 0.8545339208505655, "median_recall": 0.868132882907617, "fbeta_precision": 0.9714437963855551, "fbeta_recall": 0.9799481888602148, "auc": 0.9401064069278949}}