{"arguments": {"num_samples": 10000, "split_train_test_ratio": 0.5, "number_angles": 200, "nearest_k": 100, "c_dist_approx": true, "output_folder": "Results//Curves-Dataset_grT-Complexity_4-Iteration_15"}, "knn": {"max_precision": 1.0, "max_recall": 1.0, "median_precision": 0.8864146486467148, "median_recall": 0.8864129663265903, "fbeta_precision": 0.9873555164301719, "fbeta_recall": 0.9866913137418905, "auc": 0.966618435765487}}