{"arguments": {"num_samples": 9997, "split_train_test_ratio": 0.5, "number_angles": 200, "nearest_k": 99, "c_dist_approx": true, "output_folder": "Results//Curves-Dataset_grT-Complexity_4-Iteration_15"}, "knn": {"max_precision": 1.0, "max_recall": 1.0, "median_precision": 0.8911915224026498, "median_recall": 0.8911927127264325, "fbeta_precision": 0.9911707575530517, "fbeta_recall": 0.9901894880566195, "auc": 0.9708368134250064}}