{"arguments": {"num_samples": 10000, "split_train_test_ratio": 0.5, "number_angles": 200, "nearest_k": 100, "c_dist_approx": true, "output_folder": "Results//Curves-Dataset_grT-Complexity_4-Iteration_15"}, "knn": {"max_precision": 1.0, "max_recall": 1.0, "median_precision": 0.8934142000280147, "median_recall": 0.8934136330238248, "fbeta_precision": 0.9835175650419316, "fbeta_recall": 0.9890313826407532, "auc": 0.9700484573438399}}