{"arguments": {"num_samples": 10000, "split_train_test_ratio": 0.5, "number_angles": 200, "nearest_k": 100, "c_dist_approx": true, "output_folder": "Results//Curves-Dataset_grT-Complexity_1-Iteration_0"}, "knn": {"max_precision": 1.0, "max_recall": 1.0, "median_precision": 0.8604100752283019, "median_recall": 0.8604167297390173, "fbeta_precision": 0.9703496095884845, "fbeta_recall": 0.9721506378881676, "auc": 0.9339703346329418}}