{"arguments": {"num_samples": 10000, "split_train_test_ratio": 0.5, "number_angles": 200, "nearest_k": 100, "c_dist_approx": true, "output_folder": "Results//Curves-Dataset_grT-Complexity_1-Iteration_0"}, "knn": {"max_precision": 1.0, "max_recall": 1.0, "median_precision": 0.869411969396146, "median_recall": 0.8694151159578606, "fbeta_precision": 0.974044588068863, "fbeta_recall": 0.9807387593871371, "auc": 0.943196052789975}}