{"arguments": {"num_samples": 9989, "split_train_test_ratio": 0.5, "number_angles": 200, "nearest_k": 99, "c_dist_approx": true, "output_folder": "Results//Curves-Dataset_grT-Complexity_4-Iteration_10"}, "knn": {"max_precision": 1.0, "max_recall": 1.0, "median_precision": 0.9401609781319702, "median_recall": 0.9401485913460456, "fbeta_precision": 0.9912315311393436, "fbeta_recall": 0.9909859657888268, "auc": 0.9869908313939227}}