{"arguments": {"num_samples": 10000, "split_train_test_ratio": 0.5, "number_angles": 200, "nearest_k": 100, "c_dist_approx": true, "output_folder": "Results//Curves-Dataset_grT-Complexity_4-Iteration_10"}, "knn": {"max_precision": 1.0, "max_recall": 1.0, "median_precision": 0.9316871988646275, "median_recall": 0.9316942657723006, "fbeta_precision": 0.977506054414404, "fbeta_recall": 0.9816288824769446, "auc": 0.974589798391602}}