{"arguments": {"num_samples": 8879, "split_train_test_ratio": 0.5, "number_angles": 200, "nearest_k": 94, "c_dist_approx": true, "output_folder": "Results//Curves-Dataset_grT-Complexity_2-Iteration_1"}, "knn": {"max_precision": 0.9914414414414414, "max_recall": 1.0, "median_precision": 0.8336319345964915, "median_recall": 0.9312628593409775, "fbeta_precision": 0.8805948880802527, "fbeta_recall": 0.9896267139528815, "auc": 0.8872139338261561}}