{"arguments": {"num_samples": 10000, "split_train_test_ratio": 0.5, "number_angles": 200, "nearest_k": 100, "c_dist_approx": true, "output_folder": "Results//Curves-Dataset_grT-Complexity_2-Iteration_1"}, "knn": {"max_precision": 0.9884, "max_recall": 1.0, "median_precision": 0.926208638816276, "median_recall": 0.9409483596330862, "fbeta_precision": 0.9771570449319364, "fbeta_recall": 0.9841815441997833, "auc": 0.9703887133183751}}