{"arguments": {"num_samples": 10000, "split_train_test_ratio": 0.5, "number_angles": 200, "nearest_k": 100, "c_dist_approx": true, "output_folder": "Results//Curves-Dataset_grT-Complexity_2-Iteration_1"}, "knn": {"max_precision": 0.9936, "max_recall": 1.0, "median_precision": 0.9170746705914548, "median_recall": 0.9170743648664383, "fbeta_precision": 0.97932791610766, "fbeta_recall": 0.9892000945004955, "auc": 0.971513574271405}}