{"arguments": {"num_samples": 10000, "split_train_test_ratio": 0.5, "number_angles": 200, "nearest_k": 100, "c_dist_approx": true, "output_folder": "Results//Curves-Dataset_grT-Complexity_1-Iteration_20"}, "knn": {"max_precision": 1.0, "max_recall": 1.0, "median_precision": 0.7726141688739384, "median_recall": 0.7726099007654743, "fbeta_precision": 0.9585229403245777, "fbeta_recall": 0.9635258271911441, "auc": 0.8658072232746722}}