{"arguments": {"num_samples": 10000, "split_train_test_ratio": 0.5, "number_angles": 200, "nearest_k": 100, "c_dist_approx": true, "output_folder": "Results//Curves-Dataset_grT-Complexity_1-Iteration_20"}, "knn": {"max_precision": 1.0, "max_recall": 1.0, "median_precision": 0.7875216290187315, "median_recall": 0.8000536262105966, "fbeta_precision": 0.9607830812680758, "fbeta_recall": 0.9652906968682194, "auc": 0.8774570754282611}}