{"arguments": {"num_samples": 10000, "split_train_test_ratio": 0.5, "number_angles": 200, "nearest_k": 100, "c_dist_approx": true, "output_folder": "Results//Curves-Dataset_grT-Complexity_1-Iteration_20"}, "knn": {"max_precision": 1.0, "max_recall": 1.0, "median_precision": 0.7694111780826058, "median_recall": 0.7694127918637625, "fbeta_precision": 0.9646441110956755, "fbeta_recall": 0.9613961200614483, "auc": 0.8667676883362493}}