{"arguments": {"num_samples": 9991, "split_train_test_ratio": 0.5, "number_angles": 200, "nearest_k": 99, "c_dist_approx": true, "output_folder": "Results//Curves-Dataset_grT-Complexity_2-Iteration_3"}, "knn": {"max_precision": 1.0, "max_recall": 1.0, "median_precision": 0.8464914679721759, "median_recall": 0.8464892667333924, "fbeta_precision": 0.9775651881805666, "fbeta_recall": 0.9739388516230121, "auc": 0.9373137730339872}}