{"arguments": {"num_samples": 10000, "split_train_test_ratio": 0.5, "number_angles": 200, "nearest_k": 100, "c_dist_approx": true, "output_folder": "Results//Curves-Dataset_grT-Complexity_2-Iteration_3"}, "knn": {"max_precision": 1.0, "max_recall": 1.0, "median_precision": 0.8380127544788707, "median_recall": 0.8380133526371374, "fbeta_precision": 0.977629117984361, "fbeta_recall": 0.9792167856459812, "auc": 0.9319254247774053}}