{"arguments": {"num_samples": 10000, "split_train_test_ratio": 0.5, "number_angles": 200, "nearest_k": 100, "c_dist_approx": true, "output_folder": "Results//Curves-Dataset_grT-Complexity_2-Iteration_3"}, "knn": {"max_precision": 1.0, "max_recall": 1.0, "median_precision": 0.8374701529668471, "median_recall": 0.8243485930369068, "fbeta_precision": 0.9790805459145758, "fbeta_recall": 0.9703697347057177, "auc": 0.9268066467976207}}