{"arguments": {"num_samples": 10000, "split_train_test_ratio": 0.5, "number_angles": 200, "nearest_k": 100, "c_dist_approx": true, "output_folder": "Results//Curves-Dataset_grT-Complexity_2-Iteration_12"}, "knn": {"max_precision": 1.0, "max_recall": 1.0, "median_precision": 0.9248109163883642, "median_recall": 0.9248178949014738, "fbeta_precision": 0.9878043097408635, "fbeta_recall": 0.9790023193633848, "auc": 0.974533327407785}}