{"arguments": {"num_samples": 9987, "split_train_test_ratio": 0.5, "number_angles": 200, "nearest_k": 99, "c_dist_approx": true, "output_folder": "Results//Curves-Dataset_grT-Complexity_2-Iteration_12"}, "knn": {"max_precision": 1.0, "max_recall": 1.0, "median_precision": 0.9079946824497449, "median_recall": 0.8937718387072153, "fbeta_precision": 0.9891936520210765, "fbeta_recall": 0.978446237167882, "auc": 0.9661636561189043}}