{"arguments": {"num_samples": 10000, "split_train_test_ratio": 0.5, "number_angles": 200, "nearest_k": 100, "c_dist_approx": true, "output_folder": "Results//Curves-Dataset_grT-Complexity_2-Iteration_12"}, "knn": {"max_precision": 1.0, "max_recall": 1.0, "median_precision": 0.9078153402672104, "median_recall": 0.9078129414033291, "fbeta_precision": 0.9890712643959361, "fbeta_recall": 0.9859035635255388, "auc": 0.9774029512896876}}