{"arguments": {"num_samples": 9970, "split_train_test_ratio": 0.5, "number_angles": 200, "nearest_k": 99, "c_dist_approx": true, "output_folder": "Results//Curves-Dataset_grT-Complexity_2-Iteration_21"}, "knn": {"max_precision": 1.0, "max_recall": 1.0, "median_precision": 0.8888753366898259, "median_recall": 0.888885554726914, "fbeta_precision": 0.9879755666590523, "fbeta_recall": 0.9761968167722788, "auc": 0.9582030310010751}}