{"arguments": {"num_samples": 10000, "split_train_test_ratio": 0.5, "number_angles": 200, "nearest_k": 100, "c_dist_approx": true, "output_folder": "Results//Curves-Dataset_grT-Complexity_2-Iteration_21"}, "knn": {"max_precision": 1.0, "max_recall": 1.0, "median_precision": 0.9033178448251153, "median_recall": 0.8891680994338282, "fbeta_precision": 0.9887166839745587, "fbeta_recall": 0.980947365603246, "auc": 0.9682134891459996}}