{"arguments": {"num_samples": 10000, "split_train_test_ratio": 0.5, "number_angles": 200, "nearest_k": 100, "c_dist_approx": true, "output_folder": "Results//Curves-Dataset_grT-Complexity_2-Iteration_21"}, "knn": {"max_precision": 1.0, "max_recall": 1.0, "median_precision": 0.8912841113941163, "median_recall": 0.8773187172232242, "fbeta_precision": 0.9903911582086597, "fbeta_recall": 0.9716764402512594, "auc": 0.9582339730474303}}