{"arguments": {"num_samples": 671, "split_train_test_ratio": 0.5, "number_angles": 200, "nearest_k": 25, "c_dist_approx": true, "output_folder": "src//PREnsemble//Results//Curves-Dataset_grT-Complexity_8-Iteration_29"}, "knn": {"max_precision": 0.09523809523809523, "max_recall": 0.14583333333333334, "median_precision": 0.006563729627379884, "median_recall": 0.1285075456147638, "fbeta_precision": 0.009031656927554768, "fbeta_recall": 0.10612079387783065, "auc": 0.0010938883630075937}}