{"arguments": {"num_samples": 10000, "split_train_test_ratio": 0.5, "number_angles": 200, "nearest_k": 100, "c_dist_approx": true, "output_folder": "Results//Curves-Dataset_grT-Complexity_8-Iteration_29"}, "knn": {"max_precision": 0.8152, "max_recall": 0.7496, "median_precision": 0.31550627957983307, "median_recall": 0.25247992183930673, "fbeta_precision": 0.5753213338708231, "fbeta_recall": 0.4832003019975026, "auc": 0.18633374399560987}}