{"arguments": {"num_samples": 10000, "split_train_test_ratio": 0.5, "number_angles": 200, "nearest_k": 100, "c_dist_approx": true, "output_folder": "Results//Curves-Dataset_grT-Complexity_8-Iteration_29"}, "knn": {"max_precision": 0.8086, "max_recall": 1.0, "median_precision": 0.32232663210341633, "median_recall": 0.2537898537858857, "fbeta_precision": 0.5786954924655218, "fbeta_recall": 0.4694113542619382, "auc": 0.18574592020105632}}