{"arguments": {"num_samples": 10000, "split_train_test_ratio": 0.5, "number_angles": 200, "nearest_k": 100, "c_dist_approx": true, "output_folder": "Results//Curves-Dataset_grT-Complexity_8-Iteration_27"}, "knn": {"max_precision": 1.0, "max_recall": 1.0, "median_precision": 0.8737264752860109, "median_recall": 0.860034619221187, "fbeta_precision": 0.9901420887851247, "fbeta_recall": 0.9686086503811328, "auc": 0.9486441633586666}}