{"arguments": {"num_samples": 10000, "split_train_test_ratio": 0.5, "number_angles": 200, "nearest_k": 100, "c_dist_approx": true, "output_folder": "Results//Curves-Dataset_grT-Complexity_8-Iteration_27"}, "knn": {"max_precision": 1.0, "max_recall": 1.0, "median_precision": 0.861165650179328, "median_recall": 0.847669227570986, "fbeta_precision": 0.9916049953260921, "fbeta_recall": 0.9721409723688078, "auc": 0.943573130271417}}