{"arguments": {"num_samples": 10000, "split_train_test_ratio": 0.5, "number_angles": 200, "nearest_k": 100, "c_dist_approx": true, "output_folder": "Results//Curves-Dataset_grT-Complexity_8-Iteration_2"}, "knn": {"max_precision": 1.0, "max_recall": 1.0, "median_precision": 0.9399084229077198, "median_recall": 0.9399167016679368, "fbeta_precision": 0.9940017492073021, "fbeta_recall": 0.9886627815824128, "auc": 0.9861677805332119}}