{"arguments": {"num_samples": 10000, "split_train_test_ratio": 0.5, "number_angles": 200, "nearest_k": 100, "c_dist_approx": true, "output_folder": "Results//Curves-Dataset_grT-Complexity_8-Iteration_21"}, "knn": {"max_precision": 1.0, "max_recall": 1.0, "median_precision": 0.8723380145040475, "median_recall": 0.8862280549730744, "fbeta_precision": 0.971144294206134, "fbeta_recall": 0.9775679873692902, "auc": 0.9471728514091269}}