{"arguments": {"num_samples": 10000, "split_train_test_ratio": 0.5, "number_angles": 200, "nearest_k": 100, "c_dist_approx": true, "output_folder": "Results//Curves-Dataset_grT-Complexity_8-Iteration_21"}, "knn": {"max_precision": 1.0, "max_recall": 1.0, "median_precision": 0.8772121189357126, "median_recall": 0.8772152094200898, "fbeta_precision": 0.9723334972677199, "fbeta_recall": 0.9703652103052391, "auc": 0.9439802440075138}}