{"arguments": {"num_samples": 10000, "split_train_test_ratio": 0.5, "number_angles": 200, "nearest_k": 100, "c_dist_approx": true, "output_folder": "Results//Curves-Dataset_grT-Complexity_2-Iteration_5"}, "knn": {"max_precision": 1.0, "max_recall": 1.0, "median_precision": 0.8594153776521021, "median_recall": 0.8594113961611405, "fbeta_precision": 0.987403075161402, "fbeta_recall": 0.9828261128007894, "auc": 0.9507184398767278}}