{"arguments": {"num_samples": 9623, "split_train_test_ratio": 0.5, "number_angles": 200, "nearest_k": 98, "c_dist_approx": true, "output_folder": "Results//Curves-Dataset_grT-Complexity_2-Iteration_5"}, "knn": {"max_precision": 1.0, "max_recall": 1.0, "median_precision": 0.8713786154341598, "median_recall": 0.8713750481240838, "fbeta_precision": 0.9861536535896628, "fbeta_recall": 0.9836559081744174, "auc": 0.9570255429070078}}