{"arguments": {"num_samples": 10000, "split_train_test_ratio": 0.5, "number_angles": 200, "nearest_k": 100, "c_dist_approx": true, "output_folder": "Results//Curves-Dataset_grT-Complexity_8-Iteration_16"}, "knn": {"max_precision": 1.0, "max_recall": 1.0, "median_precision": 0.9510095082241118, "median_recall": 0.9510201193025276, "fbeta_precision": 0.9871956732342181, "fbeta_recall": 0.9885533682492934, "auc": 0.9864795804304112}}