{"arguments": {"num_samples": 10000, "split_train_test_ratio": 0.5, "number_angles": 200, "nearest_k": 100, "c_dist_approx": true, "output_folder": "Results//Curves-Dataset_grT-Complexity_8-Iteration_16"}, "knn": {"max_precision": 1.0, "max_recall": 1.0, "median_precision": 0.9371840406714183, "median_recall": 0.9371825974485732, "fbeta_precision": 0.9838317009947236, "fbeta_recall": 0.9887026054590977, "auc": 0.9842318536712128}}