{"arguments": {"num_samples": 9985, "split_train_test_ratio": 0.5, "number_angles": 200, "nearest_k": 99, "c_dist_approx": true, "output_folder": "Results//Curves-Dataset_grT-Complexity_4-Iteration_13"}, "knn": {"max_precision": 1.0, "max_recall": 1.0, "median_precision": 0.9237103541610967, "median_recall": 0.9237047635237168, "fbeta_precision": 0.9882265777295268, "fbeta_recall": 0.9846691813937061, "auc": 0.9787004819642106}}