{"arguments": {"num_samples": 10000, "split_train_test_ratio": 0.5, "number_angles": 200, "nearest_k": 100, "c_dist_approx": true, "output_folder": "Results//Curves-Dataset_grT-Complexity_4-Iteration_13"}, "knn": {"max_precision": 1.0, "max_recall": 1.0, "median_precision": 0.9302189292168097, "median_recall": 0.9302100503050409, "fbeta_precision": 0.994985533700609, "fbeta_recall": 0.986641560180838, "auc": 0.9847652115088047}}