{"arguments": {"num_samples": 10000, "split_train_test_ratio": 0.5, "number_angles": 200, "nearest_k": 100, "c_dist_approx": true, "output_folder": "Results//Curves-Dataset_grT-Complexity_4-Iteration_13"}, "knn": {"max_precision": 1.0, "max_recall": 1.0, "median_precision": 0.9230114335460322, "median_recall": 0.9230173216664685, "fbeta_precision": 0.9936256717219887, "fbeta_recall": 0.9852572174505924, "auc": 0.9789539787268188}}