{"arguments": {"num_samples": 10000, "split_train_test_ratio": 0.5, "number_angles": 200, "nearest_k": 100, "c_dist_approx": true, "output_folder": "Results//Curves-Dataset_grT-Complexity_8-Iteration_15"}, "knn": {"max_precision": 0.9316, "max_recall": 1.0, "median_precision": 0.6046067980898922, "median_recall": 0.6862309836180016, "fbeta_precision": 0.7886177294671857, "fbeta_recall": 0.8945577969725677, "auc": 0.6543400794586693}}