{"arguments": {"num_samples": 9968, "split_train_test_ratio": 0.5, "number_angles": 200, "nearest_k": 99, "c_dist_approx": true, "output_folder": "src//PREnsemble//Results//Curves-Dataset_grT-Complexity_8-Iteration_15"}, "knn": {"max_precision": 0.9283707865168539, "max_recall": 1.0, "median_precision": 0.6385965901699602, "median_recall": 0.7021442581367784, "fbeta_precision": 0.7973215330965057, "fbeta_recall": 0.8831231071418723, "auc": 0.6632552176348046}}