{"arguments": {"num_samples": 10000, "split_train_test_ratio": 0.5, "number_angles": 200, "nearest_k": 100, "c_dist_approx": true, "output_folder": "Results//Curves-Dataset_grT-Complexity_8-Iteration_15"}, "knn": {"max_precision": 0.929, "max_recall": 1.0, "median_precision": 0.6205149092474365, "median_recall": 0.6931744189229311, "fbeta_precision": 0.7874863185920618, "fbeta_recall": 0.8758459468569725, "auc": 0.6517802073523896}}