{"arguments": {"num_samples": 10000, "split_train_test_ratio": 0.5, "number_angles": 200, "nearest_k": 100, "c_dist_approx": true, "output_folder": "Results//Curves-Dataset_grT-Complexity_1-Iteration_15"}, "knn": {"max_precision": 1.0, "max_recall": 1.0, "median_precision": 0.8768168792785836, "median_recall": 0.876810436615588, "fbeta_precision": 0.9751027481376143, "fbeta_recall": 0.9802689028774368, "auc": 0.9493392351312908}}