{"arguments": {"num_samples": 10000, "split_train_test_ratio": 0.5, "number_angles": 200, "nearest_k": 100, "c_dist_approx": true, "output_folder": "Results//Curves-Dataset_grT-Complexity_1-Iteration_15"}, "knn": {"max_precision": 1.0, "max_recall": 1.0, "median_precision": 0.8797924902502572, "median_recall": 0.8797906097071932, "fbeta_precision": 0.9836226936556964, "fbeta_recall": 0.9761731372188686, "auc": 0.9518312920373315}}