{"arguments": {"num_samples": 10000, "split_train_test_ratio": 0.5, "number_angles": 200, "nearest_k": 100, "c_dist_approx": true, "output_folder": "Results//Curves-Dataset_grT-Complexity_8-Iteration_8"}, "knn": {"max_precision": 0.7918, "max_recall": 0.5038, "median_precision": 0.45097798002112116, "median_recall": 0.30585921346393596, "fbeta_precision": 0.6373453483806326, "fbeta_recall": 0.4443003724225474, "auc": 0.24277690106447541}}