{"arguments": {"num_samples": 10000, "split_train_test_ratio": 0.5, "number_angles": 200, "nearest_k": 100, "c_dist_approx": true, "output_folder": "Results//Curves-Dataset_grT-Complexity_8-Iteration_8"}, "knn": {"max_precision": 0.7808, "max_recall": 0.5038, "median_precision": 0.4423578144776652, "median_recall": 0.3051353052194564, "fbeta_precision": 0.6173877814918446, "fbeta_recall": 0.43782486201053744, "auc": 0.23742474081786236}}