{"arguments": {"num_samples": 2591, "split_train_test_ratio": 0.5, "number_angles": 200, "nearest_k": 50, "c_dist_approx": true, "output_folder": "src//PREnsemble//Results//Curves-Dataset_grT-Complexity_8-Iteration_8"}, "knn": {"max_precision": 0.1412037037037037, "max_recall": 0.4791666666666667, "median_precision": 0.10522558703148799, "median_recall": 0.4011582736303891, "fbeta_precision": 0.1158076651613253, "fbeta_recall": 0.4020325953989537, "auc": 0.04975712059422984}}