{"arguments": {"num_samples": 10000, "split_train_test_ratio": 0.5, "number_angles": 200, "nearest_k": 100, "c_dist_approx": true, "output_folder": "Results//Curves-Dataset_grT-Complexity_1-Iteration_23"}, "knn": {"max_precision": 0.993, "max_recall": 1.0, "median_precision": 0.6924159245505388, "median_recall": 0.7613199792906784, "fbeta_precision": 0.86678983060493, "fbeta_recall": 0.9343345636915403, "auc": 0.7680909907554904}}