{"arguments": {"num_samples": 10000, "split_train_test_ratio": 0.5, "number_angles": 200, "nearest_k": 100, "c_dist_approx": true, "output_folder": "Results//Curves-Dataset_grT-Complexity_1-Iteration_23"}, "knn": {"max_precision": 0.9946, "max_recall": 1.0, "median_precision": 0.6708987456070938, "median_recall": 0.7494650986923317, "fbeta_precision": 0.8511476217701767, "fbeta_recall": 0.9269319138874078, "auc": 0.7486517836633392}}