{"arguments": {"num_samples": 10000, "split_train_test_ratio": 0.5, "number_angles": 200, "nearest_k": 100, "c_dist_approx": true, "output_folder": "Results//Curves-Dataset_grT-Complexity_1-Iteration_23"}, "knn": {"max_precision": 0.9994, "max_recall": 1.0, "median_precision": 0.682763510125995, "median_recall": 0.7507037465388883, "fbeta_precision": 0.8477519590231346, "fbeta_recall": 0.9337541691898958, "auc": 0.7475099395752298}}