{"arguments": {"num_samples": 10000, "split_train_test_ratio": 0.5, "number_angles": 200, "nearest_k": 100, "c_dist_approx": true, "output_folder": "Results//Curves-Dataset_grT-Complexity_1-Iteration_3"}, "knn": {"max_precision": 1.0, "max_recall": 1.0, "median_precision": 0.8960119320112543, "median_recall": 0.896015982041184, "fbeta_precision": 0.9872775056269797, "fbeta_recall": 0.986231024221977, "auc": 0.9645307869427778}}