{"arguments": {"num_samples": 10000, "split_train_test_ratio": 0.5, "number_angles": 200, "nearest_k": 100, "c_dist_approx": true, "output_folder": "Results//Curves-Dataset_grT-Complexity_1-Iteration_3"}, "knn": {"max_precision": 1.0, "max_recall": 1.0, "median_precision": 0.8954134024836595, "median_recall": 0.895414492876333, "fbeta_precision": 0.9862550685904201, "fbeta_recall": 0.9850805633713624, "auc": 0.9679842379841719}}