{"arguments": {"num_samples": 10000, "split_train_test_ratio": 0.5, "number_angles": 200, "nearest_k": 100, "c_dist_approx": true, "output_folder": "Results//Curves-Dataset_grT-Complexity_1-Iteration_3"}, "knn": {"max_precision": 1.0, "max_recall": 1.0, "median_precision": 0.9148150983066566, "median_recall": 0.9148122018076892, "fbeta_precision": 0.9908408345239949, "fbeta_recall": 0.9831418049743932, "auc": 0.9716897561079111}}