{"arguments": {"num_samples": 10000, "split_train_test_ratio": 0.5, "number_angles": 200, "nearest_k": 100, "c_dist_approx": true, "output_folder": "Results//Curves-Dataset_grT-Complexity_4-Iteration_26"}, "knn": {"max_precision": 1.0, "max_recall": 1.0, "median_precision": 0.9328128468921191, "median_recall": 0.9328098779496672, "fbeta_precision": 0.9911707972157469, "fbeta_recall": 0.9812092722971225, "auc": 0.9768861309634}}