{"arguments": {"num_samples": 10000, "split_train_test_ratio": 0.5, "number_angles": 200, "nearest_k": 100, "c_dist_approx": true, "output_folder": "Results//Curves-Dataset_grT-Complexity_4-Iteration_26"}, "knn": {"max_precision": 1.0, "max_recall": 1.0, "median_precision": 0.940630239287148, "median_recall": 0.9258933075418834, "fbeta_precision": 0.9929927879277952, "fbeta_recall": 0.9849835547887439, "auc": 0.9797448156280826}}