{"arguments": {"num_samples": 10000, "split_train_test_ratio": 0.5, "number_angles": 200, "nearest_k": 100, "c_dist_approx": true, "output_folder": "Results//Curves-Dataset_grT-Complexity_8-Iteration_13"}, "knn": {"max_precision": 1.0, "max_recall": 1.0, "median_precision": 0.9340137389476844, "median_recall": 0.9340153589596564, "fbeta_precision": 0.9962504889066855, "fbeta_recall": 0.9922885684749566, "auc": 0.9894590294707749}}