{"arguments": {"num_samples": 10000, "split_train_test_ratio": 0.5, "number_angles": 200, "nearest_k": 100, "c_dist_approx": true, "output_folder": "Results//Curves-Dataset_grT-Complexity_8-Iteration_13"}, "knn": {"max_precision": 1.0, "max_recall": 1.0, "median_precision": 0.9516163371976547, "median_recall": 0.9516133090214305, "fbeta_precision": 0.9941225310404548, "fbeta_recall": 0.9953554245078663, "auc": 0.9930970121668361}}