{"arguments": {"num_samples": 10000, "split_train_test_ratio": 0.5, "number_angles": 200, "nearest_k": 100, "c_dist_approx": true, "output_folder": "Results//Curves-Dataset_grT-Complexity_1-Iteration_17"}, "knn": {"max_precision": 1.0, "max_recall": 1.0, "median_precision": 0.848414362029212, "median_recall": 0.8484120690891905, "fbeta_precision": 0.9722032821767498, "fbeta_recall": 0.9742816572376137, "auc": 0.9340368802717045}}