{"arguments": {"num_samples": 10000, "split_train_test_ratio": 0.5, "number_angles": 200, "nearest_k": 100, "c_dist_approx": true, "output_folder": "Results//Curves-Dataset_grT-Complexity_1-Iteration_17"}, "knn": {"max_precision": 1.0, "max_recall": 1.0, "median_precision": 0.8530160381185214, "median_recall": 0.8530105363086324, "fbeta_precision": 0.9737466567339476, "fbeta_recall": 0.9762912103980568, "auc": 0.9372658325497756}}