{"arguments": {"num_samples": 10000, "split_train_test_ratio": 0.5, "number_angles": 200, "nearest_k": 100, "c_dist_approx": true, "output_folder": "Results//Curves-Dataset_grT-Complexity_4-Iteration_5"}, "knn": {"max_precision": 1.0, "max_recall": 1.0, "median_precision": 0.8908175708990793, "median_recall": 0.8908101811521616, "fbeta_precision": 0.9868401650961829, "fbeta_recall": 0.9783051843109557, "auc": 0.9653087775893229}}