{"arguments": {"num_samples": 8947, "split_train_test_ratio": 0.5, "number_angles": 200, "nearest_k": 94, "c_dist_approx": true, "output_folder": "Results//Curves-Dataset_grT-Complexity_4-Iteration_5"}, "knn": {"max_precision": 1.0, "max_recall": 1.0, "median_precision": 0.8404319205808868, "median_recall": 0.8674009577106103, "fbeta_precision": 0.9468001582747968, "fbeta_recall": 0.9754081422633749, "auc": 0.9199250880923481}}