{"arguments": {"num_samples": 10000, "split_train_test_ratio": 0.5, "number_angles": 200, "nearest_k": 100, "c_dist_approx": true, "output_folder": "Results//Curves-Dataset_grT-Complexity_1-Iteration_24"}, "knn": {"max_precision": 0.9966, "max_recall": 1.0, "median_precision": 0.44935732893248115, "median_recall": 0.580074710040068, "fbeta_precision": 0.7965507209795314, "fbeta_recall": 0.9211926497834515, "auc": 0.554378553108406}}