{"arguments": {"num_samples": 10000, "split_train_test_ratio": 0.5, "number_angles": 200, "nearest_k": 100, "c_dist_approx": true, "output_folder": "Results//Curves-Dataset_grT-Complexity_1-Iteration_24"}, "knn": {"max_precision": 0.9938, "max_recall": 1.0, "median_precision": 0.427126640701288, "median_recall": 0.5604582704618071, "fbeta_precision": 0.8074244182074355, "fbeta_recall": 0.9123269452849014, "auc": 0.527785262018182}}