{"arguments": {"num_samples": 9996, "split_train_test_ratio": 0.5, "number_angles": 200, "nearest_k": 99, "c_dist_approx": true, "output_folder": "Results//Curves-Dataset_grT-Complexity_4-Iteration_16"}, "knn": {"max_precision": 1.0, "max_recall": 1.0, "median_precision": 0.9305850819738894, "median_recall": 0.9305883669275217, "fbeta_precision": 0.9950563110891639, "fbeta_recall": 0.9907800773737526, "auc": 0.9854343644044231}}