{"arguments": {"num_samples": 10000, "split_train_test_ratio": 0.5, "number_angles": 200, "nearest_k": 100, "c_dist_approx": true, "output_folder": "Results//Curves-Dataset_grT-Complexity_4-Iteration_16"}, "knn": {"max_precision": 1.0, "max_recall": 1.0, "median_precision": 0.9403691396207746, "median_recall": 0.9403577302499222, "fbeta_precision": 0.9949360948702117, "fbeta_recall": 0.9933338997758239, "auc": 0.988551848587356}}