{"arguments": {"num_samples": 10000, "split_train_test_ratio": 0.5, "number_angles": 200, "nearest_k": 100, "c_dist_approx": true, "output_folder": "Results//Curves-Dataset_grT-Complexity_4-Iteration_16"}, "knn": {"max_precision": 1.0, "max_recall": 1.0, "median_precision": 0.9560128194393329, "median_recall": 0.9560152591775545, "fbeta_precision": 0.9948235092658885, "fbeta_recall": 0.9884620932927387, "auc": 0.9898429693263879}}