{"arguments": {"num_samples": 10000, "split_train_test_ratio": 0.5, "number_angles": 200, "nearest_k": 100, "c_dist_approx": true, "output_folder": "Results//Curves-Dataset_grT-Complexity_1-Iteration_19"}, "knn": {"max_precision": 0.1754, "max_recall": 1.0, "median_precision": 0.15654879845836217, "median_recall": 0.8723218440855177, "fbeta_precision": 0.17501954383840104, "fbeta_recall": 0.8774235328802151, "auc": 0.16742600589829287}}