{"arguments": {"num_samples": 10000, "split_train_test_ratio": 0.5, "number_angles": 200, "nearest_k": 100, "c_dist_approx": true, "output_folder": "Results//Curves-Dataset_grT-Complexity_1-Iteration_19"}, "knn": {"max_precision": 0.1754, "max_recall": 1.0, "median_precision": 0.1528100340865314, "median_recall": 0.8920192146653889, "fbeta_precision": 0.17671017782494114, "fbeta_recall": 0.8854026990073451, "auc": 0.16835699233445447}}