{"arguments": {"num_samples": 10000, "split_train_test_ratio": 0.5, "number_angles": 200, "nearest_k": 100, "c_dist_approx": true, "output_folder": "Results//Curves-Dataset_grT-Complexity_1-Iteration_19"}, "knn": {"max_precision": 0.1706, "max_recall": 1.0, "median_precision": 0.1494863076788603, "median_recall": 0.872612145980967, "fbeta_precision": 0.1717844229174328, "fbeta_recall": 0.8924781931077366, "auc": 0.16335905638072024}}