{"arguments": {"num_samples": 10000, "split_train_test_ratio": 0.5, "number_angles": 200, "nearest_k": 100, "c_dist_approx": true, "output_folder": "Results//Curves-Dataset_grT-Complexity_1-Iteration_9"}, "knn": {"max_precision": 1.0, "max_recall": 1.0, "median_precision": 0.863616674156569, "median_recall": 0.850081734286088, "fbeta_precision": 0.9763298590602169, "fbeta_recall": 0.9654605914099742, "auc": 0.9352359956475574}}