{"arguments": {"num_samples": 10000, "split_train_test_ratio": 0.5, "number_angles": 200, "nearest_k": 100, "c_dist_approx": true, "output_folder": "Results//Curves-Dataset_grT-Complexity_1-Iteration_9"}, "knn": {"max_precision": 1.0, "max_recall": 1.0, "median_precision": 0.8772167334054708, "median_recall": 0.8634801226615773, "fbeta_precision": 0.9824826760015517, "fbeta_recall": 0.9706198525504383, "auc": 0.9410569998930552}}