{"arguments": {"num_samples": 10000, "split_train_test_ratio": 0.5, "number_angles": 200, "nearest_k": 100, "c_dist_approx": true, "output_folder": "Results//Curves-Dataset_grT-Complexity_8-Iteration_28"}, "knn": {"max_precision": 1.0, "max_recall": 1.0, "median_precision": 0.9644084240622536, "median_recall": 0.9644216209290091, "fbeta_precision": 0.9947222475720895, "fbeta_recall": 0.9918699964487661, "auc": 0.992988120409861}}