{"arguments": {"num_samples": 10000, "split_train_test_ratio": 0.5, "number_angles": 200, "nearest_k": 100, "c_dist_approx": true, "output_folder": "Results//Curves-Dataset_grT-Complexity_8-Iteration_28"}, "knn": {"max_precision": 1.0, "max_recall": 1.0, "median_precision": 0.954408118752305, "median_recall": 0.954421614698194, "fbeta_precision": 0.9866606547875808, "fbeta_recall": 0.9942582603057861, "auc": 0.9902671868677295}}