{"arguments": {"num_samples": 9920, "split_train_test_ratio": 0.5, "number_angles": 200, "nearest_k": 99, "c_dist_approx": true, "output_folder": "Results//Curves-Dataset_grT-Complexity_4-Iteration_28"}, "knn": {"max_precision": 1.0, "max_recall": 1.0, "median_precision": 0.961301458906739, "median_recall": 0.9613091343666864, "fbeta_precision": 0.9896860977295465, "fbeta_recall": 0.9944234884188466, "auc": 0.9927623025819057}}