{"arguments": {"num_samples": 10000, "split_train_test_ratio": 0.5, "number_angles": 200, "nearest_k": 100, "c_dist_approx": true, "output_folder": "Results//Curves-Dataset_grT-Complexity_4-Iteration_28"}, "knn": {"max_precision": 1.0, "max_recall": 1.0, "median_precision": 0.9437358826132969, "median_recall": 0.9437378164923317, "fbeta_precision": 0.9869012372504838, "fbeta_recall": 0.9939677251091577, "auc": 0.9890573346172805}}