{"arguments": {"num_samples": 10000, "split_train_test_ratio": 0.5, "number_angles": 200, "nearest_k": 100, "c_dist_approx": true, "output_folder": "Results//Curves-Dataset_grT-Complexity_4-Iteration_28"}, "knn": {"max_precision": 1.0, "max_recall": 1.0, "median_precision": 0.9480107481563518, "median_recall": 0.9480187859080583, "fbeta_precision": 0.9963869010957979, "fbeta_recall": 0.9924200274879971, "auc": 0.9913685254195007}}