{"arguments": {"num_samples": 10000, "split_train_test_ratio": 0.5, "number_angles": 200, "nearest_k": 100, "c_dist_approx": true, "output_folder": "Results//Curves-Dataset_grT-Complexity_1-Iteration_29"}, "knn": {"max_precision": 0.9536, "max_recall": 1.0, "median_precision": 0.669326153275005, "median_recall": 0.7843119927502717, "fbeta_precision": 0.8224759151389367, "fbeta_recall": 0.9418769701332674, "auc": 0.7387719305244316}}