{"arguments": {"num_samples": 10000, "split_train_test_ratio": 0.5, "number_angles": 200, "nearest_k": 100, "c_dist_approx": true, "output_folder": "Results//Curves-Dataset_grT-Complexity_1-Iteration_29"}, "knn": {"max_precision": 0.9478, "max_recall": 1.0, "median_precision": 0.6542163767888349, "median_recall": 0.7915860890707157, "fbeta_precision": 0.8149543869249363, "fbeta_recall": 0.9492445638000462, "auc": 0.730492281152058}}