{"arguments": {"num_samples": 10000, "split_train_test_ratio": 0.5, "number_angles": 200, "nearest_k": 100, "c_dist_approx": true, "output_folder": "Results//Curves-Dataset_grT-Complexity_1-Iteration_29"}, "knn": {"max_precision": 0.9522, "max_recall": 1.0, "median_precision": 0.6514255064260129, "median_recall": 0.7881994446351588, "fbeta_precision": 0.8128023016289238, "fbeta_recall": 0.9432118414624463, "auc": 0.7285654732588583}}