{"arguments": {"num_samples": 10000, "split_train_test_ratio": 0.5, "number_angles": 200, "nearest_k": 100, "c_dist_approx": true, "output_folder": "Results//Curves-Dataset_grT-Complexity_1-Iteration_21"}, "knn": {"max_precision": 1.0, "max_recall": 1.0, "median_precision": 0.8287038753926267, "median_recall": 0.7903526014230995, "fbeta_precision": 0.9806038238957953, "fbeta_recall": 0.9514766047591736, "auc": 0.8925524365561748}}