{"arguments": {"num_samples": 10000, "split_train_test_ratio": 0.5, "number_angles": 200, "nearest_k": 100, "c_dist_approx": true, "output_folder": "Results//Curves-Dataset_grT-Complexity_1-Iteration_21"}, "knn": {"max_precision": 1.0, "max_recall": 1.0, "median_precision": 0.8051550404857569, "median_recall": 0.7801215806084982, "fbeta_precision": 0.9791678740006531, "fbeta_recall": 0.9521491223560451, "auc": 0.8871699751971847}}