{"arguments": {"num_samples": 10000, "split_train_test_ratio": 0.5, "number_angles": 200, "nearest_k": 100, "c_dist_approx": true, "output_folder": "Results//Curves-Dataset_grT-Complexity_1-Iteration_21"}, "knn": {"max_precision": 1.0, "max_recall": 1.0, "median_precision": 0.8015780938516521, "median_recall": 0.7766545109512353, "fbeta_precision": 0.9733061473625102, "fbeta_recall": 0.9460912113474701, "auc": 0.8799928422087882}}