{"arguments": {"num_samples": 9935, "split_train_test_ratio": 0.5, "number_angles": 200, "nearest_k": 99, "c_dist_approx": true, "output_folder": "Results//Curves-Dataset_grT-Complexity_4-Iteration_29"}, "knn": {"max_precision": 1.0, "max_recall": 1.0, "median_precision": 0.8715919021984937, "median_recall": 0.8715914506901404, "fbeta_precision": 0.9831493380695473, "fbeta_recall": 0.9843159368657886, "auc": 0.9554077872830022}}