{"arguments": {"num_samples": 10000, "split_train_test_ratio": 0.5, "number_angles": 200, "nearest_k": 100, "c_dist_approx": true, "output_folder": "Results//Curves-Dataset_grT-Complexity_4-Iteration_29"}, "knn": {"max_precision": 1.0, "max_recall": 1.0, "median_precision": 0.8992713850242569, "median_recall": 0.8851866446232134, "fbeta_precision": 0.9851488885903591, "fbeta_recall": 0.9765728568685518, "auc": 0.9593551644657138}}