{"arguments": {"num_samples": 10000, "split_train_test_ratio": 0.5, "number_angles": 200, "nearest_k": 100, "c_dist_approx": true, "output_folder": "Results//Curves-Dataset_grT-Complexity_4-Iteration_29"}, "knn": {"max_precision": 1.0, "max_recall": 1.0, "median_precision": 0.8828140754117093, "median_recall": 0.8828134274069206, "fbeta_precision": 0.9823851284007399, "fbeta_recall": 0.9842062386369815, "auc": 0.9593200952589787}}