{"arguments": {"num_samples": 10000, "split_train_test_ratio": 0.5, "number_angles": 200, "nearest_k": 100, "c_dist_approx": true, "output_folder": "Results//Curves-Dataset_grT-Complexity_1-Iteration_5"}, "knn": {"max_precision": 1.0, "max_recall": 1.0, "median_precision": 0.8350035673166996, "median_recall": 0.8482977742988129, "fbeta_precision": 0.973199041886581, "fbeta_recall": 0.9837614723879962, "auc": 0.9315188411403703}}