{"arguments": {"num_samples": 10000, "split_train_test_ratio": 0.5, "number_angles": 200, "nearest_k": 100, "c_dist_approx": true, "output_folder": "Results//Curves-Dataset_grT-Complexity_1-Iteration_5"}, "knn": {"max_precision": 1.0, "max_recall": 1.0, "median_precision": 0.8270142747977981, "median_recall": 0.8270114896233698, "fbeta_precision": 0.968774882937223, "fbeta_recall": 0.9807035895449427, "auc": 0.9165120230782694}}