{"arguments": {"num_samples": 10000, "split_train_test_ratio": 0.5, "number_angles": 200, "nearest_k": 100, "c_dist_approx": true, "output_folder": "Results//Curves-Dataset_grT-Complexity_1-Iteration_5"}, "knn": {"max_precision": 1.0, "max_recall": 1.0, "median_precision": 0.8388136143313789, "median_recall": 0.8388125177078903, "fbeta_precision": 0.9764086813559693, "fbeta_recall": 0.9766558471141653, "auc": 0.9304216918514345}}