{"arguments": {"num_samples": 10000, "split_train_test_ratio": 0.5, "number_angles": 200, "nearest_k": 100, "c_dist_approx": true, "output_folder": "Results//Curves-Dataset_grT-Complexity_2-Iteration_29"}, "knn": {"max_precision": 1.0, "max_recall": 1.0, "median_precision": 0.8864251317432261, "median_recall": 0.90053694919213, "fbeta_precision": 0.9739313042405596, "fbeta_recall": 0.9890173721600689, "auc": 0.9614284196012016}}