{"arguments": {"num_samples": 10000, "split_train_test_ratio": 0.5, "number_angles": 200, "nearest_k": 100, "c_dist_approx": true, "output_folder": "Results//Curves-Dataset_grT-Complexity_2-Iteration_29"}, "knn": {"max_precision": 1.0, "max_recall": 1.0, "median_precision": 0.8934684754795474, "median_recall": 0.9076895824808853, "fbeta_precision": 0.97015917499811, "fbeta_recall": 0.9830104523269598, "auc": 0.961307620910281}}