{"arguments": {"num_samples": 9998, "split_train_test_ratio": 0.5, "number_angles": 200, "nearest_k": 99, "c_dist_approx": true, "output_folder": "Results//Curves-Dataset_grT-Complexity_2-Iteration_8"}, "knn": {"max_precision": 1.0, "max_recall": 1.0, "median_precision": 0.9143821073805003, "median_recall": 0.9143882365721359, "fbeta_precision": 0.9868906125212608, "fbeta_recall": 0.9807355383634675, "auc": 0.9716131734246765}}