{"arguments": {"num_samples": 10000, "split_train_test_ratio": 0.5, "number_angles": 200, "nearest_k": 100, "c_dist_approx": true, "output_folder": "Results//Curves-Dataset_grT-Complexity_2-Iteration_8"}, "knn": {"max_precision": 1.0, "max_recall": 1.0, "median_precision": 0.9202182500579444, "median_recall": 0.9202104179231421, "fbeta_precision": 0.9834020529947749, "fbeta_recall": 0.9773835090157935, "auc": 0.9704929867867}}