{"arguments": {"num_samples": 10000, "split_train_test_ratio": 0.5, "number_angles": 200, "nearest_k": 100, "c_dist_approx": true, "output_folder": "Results//Curves-Dataset_grT-Complexity_1-Iteration_26"}, "knn": {"max_precision": 1.0, "max_recall": 1.0, "median_precision": 0.8910122622444638, "median_recall": 0.8910154960375924, "fbeta_precision": 0.9867530982234414, "fbeta_recall": 0.9858248627300124, "auc": 0.9658073904936202}}