{"arguments": {"num_samples": 10000, "split_train_test_ratio": 0.5, "number_angles": 200, "nearest_k": 100, "c_dist_approx": true, "output_folder": "Results//Curves-Dataset_grT-Complexity_8-Iteration_19"}, "knn": {"max_precision": 1.0, "max_recall": 1.0, "median_precision": 0.9344150774098193, "median_recall": 0.9344124542365881, "fbeta_precision": 0.992258962655279, "fbeta_recall": 0.9816277133256659, "auc": 0.9829585981412933}}