{"arguments": {"num_samples": 9991, "split_train_test_ratio": 0.5, "number_angles": 200, "nearest_k": 99, "c_dist_approx": true, "output_folder": "Results//Curves-Dataset_grT-Complexity_4-Iteration_11"}, "knn": {"max_precision": 1.0, "max_recall": 1.0, "median_precision": 0.9369591503141464, "median_recall": 0.9369691587794374, "fbeta_precision": 0.9919112752613638, "fbeta_recall": 0.988431485977627, "auc": 0.9872410633921533}}