{"arguments": {"num_samples": 10000, "split_train_test_ratio": 0.5, "number_angles": 200, "nearest_k": 100, "c_dist_approx": true, "output_folder": "Results//Curves-Dataset_grT-Complexity_4-Iteration_11"}, "knn": {"max_precision": 1.0, "max_recall": 1.0, "median_precision": 0.9392133650987677, "median_recall": 0.9392158948097701, "fbeta_precision": 0.9895278256668344, "fbeta_recall": 0.9917829504414588, "auc": 0.9865773067518051}}