{"arguments": {"num_samples": 10000, "split_train_test_ratio": 0.5, "number_angles": 200, "nearest_k": 100, "c_dist_approx": true, "output_folder": "Results//Curves-Dataset_grT-Complexity_4-Iteration_7"}, "knn": {"max_precision": 1.0, "max_recall": 1.0, "median_precision": 0.9340154835759618, "median_recall": 0.934013614331379, "fbeta_precision": 0.9916284108294128, "fbeta_recall": 0.9906872935679062, "auc": 0.986702267475374}}