{"arguments": {"num_samples": 10000, "split_train_test_ratio": 0.5, "number_angles": 200, "nearest_k": 100, "c_dist_approx": true, "output_folder": "Results//Curves-Dataset_grT-Complexity_4-Iteration_7"}, "knn": {"max_precision": 1.0, "max_recall": 1.0, "median_precision": 0.9192021621264865, "median_recall": 0.9191923322262795, "fbeta_precision": 0.9868469454044925, "fbeta_recall": 0.9837217257345272, "auc": 0.9773307143731439}}