{"arguments": {"num_samples": 9973, "split_train_test_ratio": 0.5, "number_angles": 200, "nearest_k": 99, "c_dist_approx": true, "output_folder": "Results//Curves-Dataset_grT-Complexity_4-Iteration_1"}, "knn": {"max_precision": 1.0, "max_recall": 1.0, "median_precision": 0.9636796511333954, "median_recall": 0.9636893164977248, "fbeta_precision": 0.9944985692643642, "fbeta_recall": 0.9955333143654818, "auc": 0.9946793358273104}}