{"arguments": {"num_samples": 10000, "split_train_test_ratio": 0.5, "number_angles": 200, "nearest_k": 100, "c_dist_approx": true, "output_folder": "Results//Curves-Dataset_grT-Complexity_4-Iteration_1"}, "knn": {"max_precision": 1.0, "max_recall": 1.0, "median_precision": 0.9638143059518746, "median_recall": 0.9638157203469425, "fbeta_precision": 0.9939970638709966, "fbeta_recall": 0.9932857178905847, "auc": 0.9946447181444177}}