{"arguments": {"num_samples": 9785, "split_train_test_ratio": 0.5, "number_angles": 200, "nearest_k": 98, "c_dist_approx": true, "output_folder": "Results//Curves-Dataset_grT-Complexity_4-Iteration_17"}, "knn": {"max_precision": 1.0, "max_recall": 1.0, "median_precision": 0.9188813960025534, "median_recall": 0.9188745959711667, "fbeta_precision": 0.989818912932321, "fbeta_recall": 0.9794357232113671, "auc": 0.9709597620674347}}