{"arguments": {"num_samples": 10000, "split_train_test_ratio": 0.5, "number_angles": 200, "nearest_k": 100, "c_dist_approx": true, "output_folder": "Results//Curves-Dataset_grT-Complexity_4-Iteration_17"}, "knn": {"max_precision": 1.0, "max_recall": 1.0, "median_precision": 0.9234142374129064, "median_recall": 0.9234145302612247, "fbeta_precision": 0.989761619253572, "fbeta_recall": 0.9907294671585644, "auc": 0.9818580356408217}}