{"arguments": {"num_samples": 10000, "split_train_test_ratio": 0.5, "number_angles": 200, "nearest_k": 100, "c_dist_approx": true, "output_folder": "Results//Curves-Dataset_grT-Complexity_4-Iteration_19"}, "knn": {"max_precision": 1.0, "max_recall": 1.0, "median_precision": 0.9370156693372707, "median_recall": 0.9370119433097355, "fbeta_precision": 0.9922234026297658, "fbeta_recall": 0.9867117674719557, "auc": 0.9849938575603419}}