{"arguments": {"num_samples": 9939, "split_train_test_ratio": 0.5, "number_angles": 200, "nearest_k": 99, "c_dist_approx": true, "output_folder": "Results//Curves-Dataset_grT-Complexity_4-Iteration_19"}, "knn": {"max_precision": 1.0, "max_recall": 1.0, "median_precision": 0.9448190366424222, "median_recall": 0.9300157987305744, "fbeta_precision": 0.994673113612315, "fbeta_recall": 0.9842278324384659, "auc": 0.9824470871284359}}