{"arguments": {"num_samples": 10000, "split_train_test_ratio": 0.5, "number_angles": 200, "nearest_k": 100, "c_dist_approx": true, "output_folder": "Results//Curves-Dataset_grT-Complexity_4-Iteration_19"}, "knn": {"max_precision": 1.0, "max_recall": 1.0, "median_precision": 0.9573083626000684, "median_recall": 0.9422971180863355, "fbeta_precision": 0.9927615972587241, "fbeta_recall": 0.980823316531794, "auc": 0.9834264042919096}}