{"arguments": {"num_samples": 9886, "split_train_test_ratio": 0.5, "number_angles": 200, "nearest_k": 99, "c_dist_approx": true, "output_folder": "Results//Curves-Dataset_grT-Complexity_2-Iteration_18"}, "knn": {"max_precision": 1.0, "max_recall": 1.0, "median_precision": 0.8047920365438433, "median_recall": 0.8438387091345705, "fbeta_precision": 0.9296940432606446, "fbeta_recall": 0.9882525541981634, "auc": 0.902464486979595}}