{"arguments": {"num_samples": 10000, "split_train_test_ratio": 0.5, "number_angles": 200, "nearest_k": 100, "c_dist_approx": true, "output_folder": "Results//Curves-Dataset_grT-Complexity_2-Iteration_18"}, "knn": {"max_precision": 1.0, "max_recall": 1.0, "median_precision": 0.803163184585846, "median_recall": 0.8421339928058931, "fbeta_precision": 0.9343883326231525, "fbeta_recall": 0.9812675354829895, "auc": 0.8987691487027731}}