{"arguments": {"num_samples": 10000, "split_train_test_ratio": 0.5, "number_angles": 200, "nearest_k": 100, "c_dist_approx": true, "output_folder": "Results//Curves-Dataset_grT-Complexity_2-Iteration_18"}, "knn": {"max_precision": 1.0, "max_recall": 1.0, "median_precision": 0.8048103656672577, "median_recall": 0.8438555415267741, "fbeta_precision": 0.9340866472947993, "fbeta_recall": 0.9860828662334234, "auc": 0.8958267917027465}}