{"arguments": {"num_samples": 10000, "split_train_test_ratio": 0.5, "number_angles": 200, "nearest_k": 100, "c_dist_approx": true, "output_folder": "Results//Curves-Dataset_grT-Complexity_1-Iteration_2"}, "knn": {"max_precision": 1.0, "max_recall": 1.0, "median_precision": 0.8839310394623934, "median_recall": 0.8700811970779178, "fbeta_precision": 0.9864923722756526, "fbeta_recall": 0.9788029406808507, "auc": 0.9538397706261886}}