{"arguments": {"num_samples": 10000, "split_train_test_ratio": 0.5, "number_angles": 200, "nearest_k": 100, "c_dist_approx": true, "output_folder": "Results//Curves-Dataset_grT-Complexity_1-Iteration_2"}, "knn": {"max_precision": 1.0, "max_recall": 1.0, "median_precision": 0.8796156081922673, "median_recall": 0.8796117949333183, "fbeta_precision": 0.9834143524019077, "fbeta_recall": 0.9841863612902431, "auc": 0.9566542332142494}}