{"arguments": {"num_samples": 9979, "split_train_test_ratio": 0.5, "number_angles": 200, "nearest_k": 99, "c_dist_approx": true, "output_folder": "Results//Curves-Dataset_grT-Complexity_4-Iteration_22"}, "knn": {"max_precision": 1.0, "max_recall": 1.0, "median_precision": 0.9212546781385117, "median_recall": 0.9212589922601111, "fbeta_precision": 0.9848954304669274, "fbeta_recall": 0.9921754433411498, "auc": 0.9804862073864725}}