{"arguments": {"num_samples": 10000, "split_train_test_ratio": 0.5, "number_angles": 200, "nearest_k": 100, "c_dist_approx": true, "output_folder": "Results//Curves-Dataset_grT-Complexity_4-Iteration_22"}, "knn": {"max_precision": 1.0, "max_recall": 1.0, "median_precision": 0.9456135333307802, "median_recall": 0.9456159259638466, "fbeta_precision": 0.9877922337550854, "fbeta_recall": 0.9905234174262357, "auc": 0.9872264293101308}}