{"arguments": {"num_samples": 10000, "split_train_test_ratio": 0.5, "number_angles": 200, "nearest_k": 100, "c_dist_approx": true, "output_folder": "Results//Curves-Dataset_grT-Complexity_4-Iteration_22"}, "knn": {"max_precision": 1.0, "max_recall": 1.0, "median_precision": 0.9368186488301222, "median_recall": 0.9368105363086325, "fbeta_precision": 0.9903480629772051, "fbeta_recall": 0.9888942928969564, "auc": 0.9840279426324965}}