{"arguments": {"num_samples": 10000, "split_train_test_ratio": 0.5, "number_angles": 200, "nearest_k": 100, "c_dist_approx": true, "output_folder": "Results//Curves-Dataset_grT-Complexity_4-Iteration_18"}, "knn": {"max_precision": 1.0, "max_recall": 1.0, "median_precision": 0.9266498228485283, "median_recall": 0.9414007291636812, "fbeta_precision": 0.9772794360712868, "fbeta_recall": 0.9955613134570153, "auc": 0.9793644960232699}}