{"arguments": {"num_samples": 10000, "split_train_test_ratio": 0.5, "number_angles": 200, "nearest_k": 100, "c_dist_approx": true, "output_folder": "Results//Curves-Dataset_grT-Complexity_4-Iteration_18"}, "knn": {"max_precision": 1.0, "max_recall": 1.0, "median_precision": 0.9082585582350504, "median_recall": 0.9227114668279603, "fbeta_precision": 0.9807519269308314, "fbeta_recall": 0.991501173586048, "auc": 0.973630403169847}}