{"arguments": {"num_samples": 9990, "split_train_test_ratio": 0.5, "number_angles": 200, "nearest_k": 99, "c_dist_approx": true, "output_folder": "Results//Curves-Dataset_grT-Complexity_4-Iteration_18"}, "knn": {"max_precision": 1.0, "max_recall": 1.0, "median_precision": 0.9037585454519226, "median_recall": 0.9181348682737445, "fbeta_precision": 0.9741758926135895, "fbeta_recall": 0.9913406214512556, "auc": 0.9705890769948459}}