{"arguments": {"num_samples": 10000, "split_train_test_ratio": 0.5, "number_angles": 200, "nearest_k": 100, "c_dist_approx": true, "output_folder": "Results//Curves-Dataset_grT-Complexity_8-Iteration_9"}, "knn": {"max_precision": 1.0, "max_recall": 1.0, "median_precision": 0.9444983219509909, "median_recall": 0.9445088010191365, "fbeta_precision": 0.9933442165669406, "fbeta_recall": 0.9950600389507754, "auc": 0.9907727977559859}}