{"arguments": {"num_samples": 10000, "split_train_test_ratio": 0.5, "number_angles": 200, "nearest_k": 100, "c_dist_approx": true, "output_folder": "Results//Curves-Dataset_grT-Complexity_1-Iteration_11"}, "knn": {"max_precision": 0.4106, "max_recall": 1.0, "median_precision": 0.3098437635825584, "median_recall": 0.7694346630808555, "fbeta_precision": 0.38896203824101944, "fbeta_recall": 0.8942927515554134, "auc": 0.33859345925841}}