{"arguments": {"num_samples": 10000, "split_train_test_ratio": 0.5, "number_angles": 200, "nearest_k": 100, "c_dist_approx": true, "output_folder": "Results//Curves-Dataset_grT-Complexity_1-Iteration_11"}, "knn": {"max_precision": 0.4014, "max_recall": 1.0, "median_precision": 0.2935904477086828, "median_recall": 0.7820475908356582, "fbeta_precision": 0.38309840759186065, "fbeta_recall": 0.9127480043317323, "auc": 0.33372938707097644}}