{"arguments": {"num_samples": 10000, "split_train_test_ratio": 0.5, "number_angles": 200, "nearest_k": 100, "c_dist_approx": true, "output_folder": "Results//Curves-Dataset_grT-Complexity_1-Iteration_11"}, "knn": {"max_precision": 0.4072, "max_recall": 1.0, "median_precision": 0.29358714066946595, "median_recall": 0.7460247000480317, "fbeta_precision": 0.3852699636453343, "fbeta_recall": 0.900829723049168, "auc": 0.33229062524982045}}