{"arguments": {"num_samples": 10000, "split_train_test_ratio": 0.5, "number_angles": 200, "nearest_k": 100, "c_dist_approx": true, "output_folder": "Results//Curves-Dataset_grT-Complexity_1-Iteration_27"}, "knn": {"max_precision": 1.0, "max_recall": 1.0, "median_precision": 0.8710160692725978, "median_recall": 0.871011065927931, "fbeta_precision": 0.9780332925004065, "fbeta_recall": 0.9773154349845027, "auc": 0.9499992291817754}}