{"arguments": {"num_samples": 9985, "split_train_test_ratio": 0.5, "number_angles": 200, "nearest_k": 99, "c_dist_approx": true, "output_folder": "Results//Curves-Dataset_grT-Complexity_4-Iteration_21"}, "knn": {"max_precision": 0.015621870618866412, "max_recall": 0.0634888844382135, "median_precision": 0.003065324340376336, "median_recall": 0.030985360978211744, "fbeta_precision": 0.005449271305765956, "fbeta_recall": 0.030766504170857432, "auc": 0.0001934784919362051}}