{"arguments": {"num_samples": 10000, "split_train_test_ratio": 0.5, "number_angles": 200, "nearest_k": 100, "c_dist_approx": true, "output_folder": "Results//Curves-Dataset_grT-Complexity_4-Iteration_21"}, "knn": {"max_precision": 1.0, "max_recall": 1.0, "median_precision": 0.9046123183218013, "median_recall": 0.9046158636556937, "fbeta_precision": 0.9915930478670592, "fbeta_recall": 0.9891770104206978, "auc": 0.9724814067592996}}