{"arguments": {"num_samples": 10000, "split_train_test_ratio": 0.5, "number_angles": 200, "nearest_k": 100, "c_dist_approx": true, "output_folder": "Results//Curves-Dataset_grT-Complexity_8-Iteration_18"}, "knn": {"max_precision": 1.0, "max_recall": 1.0, "median_precision": 0.8650139196413273, "median_recall": 0.8650130286347429, "fbeta_precision": 0.9789278487223103, "fbeta_recall": 0.9828380907207567, "auc": 0.9532157961048439}}