{"arguments": {"num_samples": 7472, "split_train_test_ratio": 0.5, "number_angles": 200, "nearest_k": 86, "c_dist_approx": true, "output_folder": "src//PREnsemble//Results//Curves-Dataset_grT-Complexity_8-Iteration_18"}, "knn": {"max_precision": 0.8190578158458244, "max_recall": 1.0, "median_precision": 0.709327853205213, "median_recall": 0.8582533444218011, "fbeta_precision": 0.8082974046961214, "fbeta_recall": 0.9728973525983694, "auc": 0.7736165100244439}}