{"arguments": {"num_samples": 10000, "split_train_test_ratio": 0.5, "number_angles": 200, "nearest_k": 100, "c_dist_approx": true, "output_folder": "Results//Curves-Dataset_grT-Complexity_8-Iteration_18"}, "knn": {"max_precision": 1.0, "max_recall": 1.0, "median_precision": 0.8660143308751358, "median_recall": 0.8660126485550113, "fbeta_precision": 0.9859320944325821, "fbeta_recall": 0.9831985451136093, "auc": 0.9528342441063371}}