{"arguments": {"num_samples": 9815, "split_train_test_ratio": 0.5, "number_angles": 200, "nearest_k": 99, "c_dist_approx": true, "output_folder": "Results//Curves-Dataset_grT-Complexity_4-Iteration_20"}, "knn": {"max_precision": 1.0, "max_recall": 1.0, "median_precision": 0.9504574532107606, "median_recall": 0.9504645054069425, "fbeta_precision": 0.9958505096479733, "fbeta_recall": 0.9948981394174615, "auc": 0.9925519904237414}}