{"arguments": {"num_samples": 10000, "split_train_test_ratio": 0.5, "number_angles": 200, "nearest_k": 100, "c_dist_approx": true, "output_folder": "Results//Curves-Dataset_grT-Complexity_4-Iteration_20"}, "knn": {"max_precision": 1.0, "max_recall": 1.0, "median_precision": 0.9434080517430857, "median_recall": 0.943404562486531, "fbeta_precision": 0.9964101176345546, "fbeta_recall": 0.9949308377904721, "auc": 0.9926191961723093}}