{"arguments": {"num_samples": 10000, "split_train_test_ratio": 0.5, "number_angles": 200, "nearest_k": 100, "c_dist_approx": true, "output_folder": "Results//Curves-Dataset_grT-Complexity_2-Iteration_11"}, "knn": {"max_precision": 1.0, "max_recall": 1.0, "median_precision": 0.8686115133834813, "median_recall": 0.8686139683247003, "fbeta_precision": 0.9755818569212653, "fbeta_recall": 0.9792785163488416, "auc": 0.9470819619023272}}