{"arguments": {"num_samples": 9998, "split_train_test_ratio": 0.5, "number_angles": 200, "nearest_k": 99, "c_dist_approx": true, "output_folder": "Results//Curves-Dataset_grT-Complexity_2-Iteration_11"}, "knn": {"max_precision": 1.0, "max_recall": 1.0, "median_precision": 0.8603863022117183, "median_recall": 0.860384650715371, "fbeta_precision": 0.9718207723951567, "fbeta_recall": 0.9785273868552986, "auc": 0.9439514768635388}}