{"arguments": {"num_samples": 10000, "split_train_test_ratio": 0.5, "number_angles": 200, "nearest_k": 100, "c_dist_approx": true, "output_folder": "Results//Curves-Dataset_grT-Complexity_8-Iteration_10"}, "knn": {"max_precision": 1.0, "max_recall": 1.0, "median_precision": 0.9178138324099135, "median_recall": 0.9178147608013898, "fbeta_precision": 0.9815856823131972, "fbeta_recall": 0.9928518755627542, "auc": 0.9774781441352794}}