{"arguments": {"num_samples": 10000, "split_train_test_ratio": 0.5, "number_angles": 200, "nearest_k": 100, "c_dist_approx": true, "output_folder": "Results//Curves-Dataset_grT-Complexity_8-Iteration_10"}, "knn": {"max_precision": 1.0, "max_recall": 1.0, "median_precision": 0.9356132948112061, "median_recall": 0.9356120852849612, "fbeta_precision": 0.9801139041746785, "fbeta_recall": 0.989766608489112, "auc": 0.9805069239754912}}