{"arguments": {"num_samples": 10000, "split_train_test_ratio": 0.5, "number_angles": 200, "nearest_k": 100, "c_dist_approx": true, "output_folder": "Results//Curves-Dataset_grT-Complexity_8-Iteration_1"}, "knn": {"max_precision": 0.6842, "max_recall": 0.7724, "median_precision": 0.5756454061590988, "median_recall": 0.6035731676836993, "fbeta_precision": 0.661584955202514, "fbeta_recall": 0.6877077531018285, "auc": 0.45169026613382385}}