{"arguments": {"num_samples": 9958, "split_train_test_ratio": 0.5, "number_angles": 200, "nearest_k": 99, "c_dist_approx": true, "output_folder": "src//PREnsemble//Results//Curves-Dataset_grT-Complexity_8-Iteration_1"}, "knn": {"max_precision": 0.6949186583651336, "max_recall": 1.0, "median_precision": 0.5888253186667289, "median_recall": 0.617388015993756, "fbeta_precision": 0.6684526828411254, "fbeta_recall": 0.70568274604057, "auc": 0.46681953180892966}}