{"arguments": {"num_samples": 10000, "split_train_test_ratio": 0.5, "number_angles": 200, "nearest_k": 100, "c_dist_approx": true, "output_folder": "Results//Curves-Dataset_grT-Complexity_8-Iteration_1"}, "knn": {"max_precision": 0.6916, "max_recall": 0.7558, "median_precision": 0.571641843377084, "median_recall": 0.5993727844372743, "fbeta_precision": 0.6656735176593951, "fbeta_recall": 0.6980447297391359, "auc": 0.45662305016999155}}