{"arguments": {"num_samples": 10000, "split_train_test_ratio": 0.5, "number_angles": 200, "nearest_k": 100, "c_dist_approx": true, "output_folder": "Results//Curves-Dataset_grT-Complexity_2-Iteration_9"}, "knn": {"max_precision": 1.0, "max_recall": 1.0, "median_precision": 0.9334088290652467, "median_recall": 0.9334202501496485, "fbeta_precision": 0.9833063113304261, "fbeta_recall": 0.99340474564815, "auc": 0.9814035577547678}}