{"arguments": {"num_samples": 10000, "split_train_test_ratio": 0.5, "number_angles": 200, "nearest_k": 100, "c_dist_approx": true, "output_folder": "Results//Curves-Dataset_grT-Complexity_2-Iteration_9"}, "knn": {"max_precision": 1.0, "max_recall": 1.0, "median_precision": 0.9289043704944069, "median_recall": 0.9289101600849482, "fbeta_precision": 0.9870641736930694, "fbeta_recall": 0.9911496313218056, "auc": 0.9822513842068898}}