{"arguments": {"num_samples": 8413, "split_train_test_ratio": 0.5, "number_angles": 200, "nearest_k": 91, "c_dist_approx": true, "output_folder": "Results//Curves-Dataset_grT-Complexity_2-Iteration_9"}, "knn": {"max_precision": 0.8740194913239838, "max_recall": 1.0, "median_precision": 0.7822354178277501, "median_recall": 0.9021017555445401, "fbeta_precision": 0.8637789499499152, "fbeta_recall": 0.9847013744519525, "auc": 0.8517296452557851}}