{"arguments": {"num_samples": 10000, "split_train_test_ratio": 0.5, "number_angles": 200, "nearest_k": 100, "c_dist_approx": true, "output_folder": "Results//Curves-Dataset_grT-Complexity_8-Iteration_6"}, "knn": {"max_precision": 1.0, "max_recall": 1.0, "median_precision": 0.8710147919554662, "median_recall": 0.8710123432450625, "fbeta_precision": 0.9881160583389115, "fbeta_recall": 0.9857319522852488, "auc": 0.9572095425835014}}