{"arguments": {"num_samples": 10000, "split_train_test_ratio": 0.5, "number_angles": 200, "nearest_k": 100, "c_dist_approx": true, "output_folder": "Results//Curves-Dataset_grT-Complexity_8-Iteration_6"}, "knn": {"max_precision": 1.0, "max_recall": 1.0, "median_precision": 0.8624002905207134, "median_recall": 0.8488875578771029, "fbeta_precision": 0.979124469598122, "fbeta_recall": 0.9796442972650067, "auc": 0.9431385556757698}}