{"arguments": {"num_samples": 6170, "split_train_test_ratio": 0.5, "number_angles": 200, "nearest_k": 78, "c_dist_approx": true, "output_folder": "src//PREnsemble//Results//Curves-Dataset_grT-Complexity_8-Iteration_6"}, "knn": {"max_precision": 0.48557536466774714, "max_recall": 1.0, "median_precision": 0.43240656787188164, "median_recall": 0.9044547315841798, "fbeta_precision": 0.48262506547318623, "fbeta_recall": 0.9683658496324773, "auc": 0.47015650816412785}}