{"arguments": {"num_samples": 10000, "split_train_test_ratio": 0.5, "number_angles": 200, "nearest_k": 100, "c_dist_approx": true, "output_folder": "Results//Curves-Dataset_grT-Complexity_4-Iteration_6"}, "knn": {"max_precision": 1.0, "max_recall": 1.0, "median_precision": 0.8368768264865749, "median_recall": 0.8237628130509838, "fbeta_precision": 0.987155540781787, "fbeta_recall": 0.9692342943358078, "auc": 0.9291244732602248}}