{"arguments": {"num_samples": 9887, "split_train_test_ratio": 0.5, "number_angles": 200, "nearest_k": 99, "c_dist_approx": true, "output_folder": "Results//Curves-Dataset_grT-Complexity_4-Iteration_6"}, "knn": {"max_precision": 1.0, "max_recall": 1.0, "median_precision": 0.8384043537128599, "median_recall": 0.8384017008273106, "fbeta_precision": 0.9825030437532176, "fbeta_recall": 0.9769631482635514, "auc": 0.9379413304725741}}