{"arguments": {"num_samples": 10000, "split_train_test_ratio": 0.5, "number_angles": 200, "nearest_k": 100, "c_dist_approx": true, "output_folder": "Results//Curves-Dataset_grT-Complexity_4-Iteration_25"}, "knn": {"max_precision": 1.0, "max_recall": 1.0, "median_precision": 0.9304161066574894, "median_recall": 0.9304128790951763, "fbeta_precision": 0.9916030757833121, "fbeta_recall": 0.9913272206403596, "auc": 0.9859593435844479}}