{"arguments": {"num_samples": 9983, "split_train_test_ratio": 0.5, "number_angles": 200, "nearest_k": 99, "c_dist_approx": true, "output_folder": "Results//Curves-Dataset_grT-Complexity_4-Iteration_25"}, "knn": {"max_precision": 1.0, "max_recall": 1.0, "median_precision": 0.9369106962769793, "median_recall": 0.9369165688703038, "fbeta_precision": 0.9963280212039906, "fbeta_recall": 0.988870355319075, "auc": 0.9876767337191869}}