{"arguments": {"num_samples": 10000, "split_train_test_ratio": 0.5, "number_angles": 200, "nearest_k": 100, "c_dist_approx": true, "output_folder": "Results//Curves-Dataset_grT-Complexity_4-Iteration_25"}, "knn": {"max_precision": 1.0, "max_recall": 1.0, "median_precision": 0.9378179945945182, "median_recall": 0.9378112216983128, "fbeta_precision": 0.9906855652518691, "fbeta_recall": 0.9896005291343299, "auc": 0.9862644203683949}}