{"arguments": {"num_samples": 10000, "split_train_test_ratio": 0.5, "number_angles": 200, "nearest_k": 100, "c_dist_approx": true, "output_folder": "Results//Curves-Dataset_grT-Complexity_2-Iteration_20"}, "knn": {"max_precision": 1.0, "max_recall": 1.0, "median_precision": 0.9104129974806665, "median_recall": 0.9104153651904716, "fbeta_precision": 0.9858786120297777, "fbeta_recall": 0.9884011402289122, "auc": 0.9752450757726354}}