{"arguments": {"num_samples": 10000, "split_train_test_ratio": 0.5, "number_angles": 200, "nearest_k": 100, "c_dist_approx": true, "output_folder": "Results//Curves-Dataset_grT-Complexity_4-Iteration_2"}, "knn": {"max_precision": 1.0, "max_recall": 1.0, "median_precision": 0.9464122560136488, "median_recall": 0.9464172282042393, "fbeta_precision": 0.9927927944408325, "fbeta_recall": 0.9921086864174065, "auc": 0.9884619890458667}}