{"arguments": {"num_samples": 9988, "split_train_test_ratio": 0.5, "number_angles": 200, "nearest_k": 99, "c_dist_approx": true, "output_folder": "Results//Curves-Dataset_grT-Complexity_4-Iteration_2"}, "knn": {"max_precision": 1.0, "max_recall": 1.0, "median_precision": 0.9529649284473853, "median_recall": 0.9529502434862716, "fbeta_precision": 0.9962538463458107, "fbeta_recall": 0.9915968171752227, "auc": 0.9911614548821592}}