{"arguments": {"num_samples": 10000, "split_train_test_ratio": 0.5, "number_angles": 200, "nearest_k": 100, "c_dist_approx": true, "output_folder": "Results//Curves-Dataset_grT-Complexity_4-Iteration_2"}, "knn": {"max_precision": 1.0, "max_recall": 1.0, "median_precision": 0.934415963348738, "median_recall": 0.9344131470202333, "fbeta_precision": 0.9864321577972316, "fbeta_recall": 0.9947864570881272, "auc": 0.9846190058426222}}