{"arguments": {"num_samples": 10000, "split_train_test_ratio": 0.5, "number_angles": 200, "nearest_k": 100, "c_dist_approx": true, "output_folder": "Results//Curves-Dataset_grT-Complexity_4-Iteration_14"}, "knn": {"max_precision": 1.0, "max_recall": 1.0, "median_precision": 0.8869815951722158, "median_recall": 0.8730815194028199, "fbeta_precision": 0.9876414728452044, "fbeta_recall": 0.9647928455504978, "auc": 0.9523330185653675}}