{"arguments": {"num_samples": 9940, "split_train_test_ratio": 0.5, "number_angles": 200, "nearest_k": 99, "c_dist_approx": true, "output_folder": "Results//Curves-Dataset_grT-Complexity_4-Iteration_14"}, "knn": {"max_precision": 1.0, "max_recall": 1.0, "median_precision": 0.8983576692645898, "median_recall": 0.8842890372848791, "fbeta_precision": 0.9814461927674365, "fbeta_recall": 0.9721262358383542, "auc": 0.9580838445446993}}