{"arguments": {"num_samples": 6996, "split_train_test_ratio": 0.5, "number_angles": 200, "nearest_k": 83, "c_dist_approx": true, "output_folder": "src//PREnsemble//Results//Curves-Dataset_grT-Complexity_8-Iteration_11"}, "knn": {"max_precision": 0.7046883933676387, "max_recall": 1.0, "median_precision": 0.6353379710215892, "median_recall": 0.9056800285044909, "fbeta_precision": 0.6975272850488184, "fbeta_recall": 0.9788739037101247, "auc": 0.6824200436340325}}