{"arguments": {"num_samples": 10000, "split_train_test_ratio": 0.5, "number_angles": 200, "nearest_k": 100, "c_dist_approx": true, "output_folder": "Results//Curves-Dataset_grT-Complexity_8-Iteration_11"}, "knn": {"max_precision": 1.0, "max_recall": 1.0, "median_precision": 0.9308159820411839, "median_recall": 0.9308130161731125, "fbeta_precision": 0.9923155404229101, "fbeta_recall": 0.9943903650305547, "auc": 0.9860447467392498}}