{"arguments": {"num_samples": 10000, "split_train_test_ratio": 0.5, "number_angles": 200, "nearest_k": 100, "c_dist_approx": true, "output_folder": "Results//Curves-Dataset_grT-Complexity_1-Iteration_18"}, "knn": {"max_precision": 1.0, "max_recall": 1.0, "median_precision": 0.6934289336330532, "median_recall": 0.7270780392819511, "fbeta_precision": 0.9010828315706502, "fbeta_recall": 0.903249225405127, "auc": 0.7390666643868111}}