{"arguments": {"num_samples": 10000, "split_train_test_ratio": 0.5, "number_angles": 200, "nearest_k": 100, "c_dist_approx": true, "output_folder": "Results//Curves-Dataset_grT-Complexity_1-Iteration_18"}, "knn": {"max_precision": 1.0, "max_recall": 1.0, "median_precision": 0.6835099218045204, "median_recall": 0.7054430480706114, "fbeta_precision": 0.9220501117390415, "fbeta_recall": 0.8985155541836706, "auc": 0.7378381008939394}}