{"arguments": {"num_samples": 10000, "split_train_test_ratio": 0.5, "number_angles": 200, "nearest_k": 100, "c_dist_approx": true, "output_folder": "Results//Curves-Dataset_grT-Complexity_1-Iteration_18"}, "knn": {"max_precision": 1.0, "max_recall": 1.0, "median_precision": 0.6893762428462288, "median_recall": 0.7114958230271943, "fbeta_precision": 0.930590903543305, "fbeta_recall": 0.9104044503289068, "auc": 0.7478309100729955}}