{"arguments": {"num_samples": 10000, "split_train_test_ratio": 0.5, "number_angles": 200, "nearest_k": 100, "c_dist_approx": true, "output_folder": "Results//Curves-Dataset_grT-Complexity_2-Iteration_28"}, "knn": {"max_precision": 1.0, "max_recall": 1.0, "median_precision": 0.9326193030657263, "median_recall": 0.9326097512259077, "fbeta_precision": 0.9865531011952315, "fbeta_recall": 0.9881986000871118, "auc": 0.9801501234954293}}