{"arguments": {"num_samples": 10000, "split_train_test_ratio": 0.5, "number_angles": 200, "nearest_k": 100, "c_dist_approx": true, "output_folder": "Results//Curves-Dataset_grT-Complexity_2-Iteration_28"}, "knn": {"max_precision": 1.0, "max_recall": 1.0, "median_precision": 0.9202262910138188, "median_recall": 0.9202322675288186, "fbeta_precision": 0.9826874315060615, "fbeta_recall": 0.9903415090053889, "auc": 0.9769033472170114}}