{"arguments": {"num_samples": 9763, "split_train_test_ratio": 0.5, "number_angles": 200, "nearest_k": 98, "c_dist_approx": true, "output_folder": "Results//Curves-Dataset_grT-Complexity_2-Iteration_28"}, "knn": {"max_precision": 1.0, "max_recall": 1.0, "median_precision": 0.9242034164625916, "median_recall": 0.9242018681608576, "fbeta_precision": 0.9874367236703947, "fbeta_recall": 0.9907575918440982, "auc": 0.9804137491116044}}