{"arguments": {"num_samples": 10000, "split_train_test_ratio": 0.5, "number_angles": 200, "nearest_k": 100, "c_dist_approx": true, "output_folder": "Results//Curves-Dataset_grT-Complexity_2-Iteration_2"}, "knn": {"max_precision": 1.0, "max_recall": 1.0, "median_precision": 0.8388130286347428, "median_recall": 0.8388131034045263, "fbeta_precision": 0.9683080657098382, "fbeta_recall": 0.9736869150962079, "auc": 0.9245585768242308}}