{"arguments": {"num_samples": 9940, "split_train_test_ratio": 0.5, "number_angles": 200, "nearest_k": 99, "c_dist_approx": true, "output_folder": "Results//Curves-Dataset_grT-Complexity_2-Iteration_2"}, "knn": {"max_precision": 1.0, "max_recall": 1.0, "median_precision": 0.8313999014939639, "median_recall": 0.8314026596013299, "fbeta_precision": 0.9599161123441092, "fbeta_recall": 0.9664145513189694, "auc": 0.9139554281904108}}