{"arguments": {"num_samples": 10000, "split_train_test_ratio": 0.5, "number_angles": 200, "nearest_k": 100, "c_dist_approx": true, "output_folder": "Results//Curves-Dataset_grT-Complexity_1-Iteration_22"}, "knn": {"max_precision": 0.9502, "max_recall": 1.0, "median_precision": 0.8205461806189095, "median_recall": 0.8740732268976024, "fbeta_precision": 0.9229624765269588, "fbeta_recall": 0.9836923314677899, "auc": 0.8985430406420054}}