{"arguments": {"num_samples": 10000, "split_train_test_ratio": 0.5, "number_angles": 200, "nearest_k": 100, "c_dist_approx": true, "output_folder": "Results//Curves-Dataset_grT-Complexity_1-Iteration_22"}, "knn": {"max_precision": 0.9468, "max_recall": 1.0, "median_precision": 0.8131451261536647, "median_recall": 0.8661916543278442, "fbeta_precision": 0.9157681081516087, "fbeta_recall": 0.9839195988762462, "auc": 0.8875593655933391}}