{"arguments": {"num_samples": 10000, "split_train_test_ratio": 0.5, "number_angles": 200, "nearest_k": 100, "c_dist_approx": true, "output_folder": "Results//Curves-Dataset_grT-Complexity_1-Iteration_22"}, "knn": {"max_precision": 0.9492, "max_recall": 1.0, "median_precision": 0.818172861135378, "median_recall": 0.8715358971359476, "fbeta_precision": 0.9190873969607167, "fbeta_recall": 0.9800308450129491, "auc": 0.8922192287573457}}