{"arguments": {"num_samples": 10000, "split_train_test_ratio": 0.5, "number_angles": 200, "nearest_k": 100, "c_dist_approx": true, "output_folder": "Results//Curves-Dataset_grT-Complexity_2-Iteration_0"}, "knn": {"max_precision": 1.0, "max_recall": 1.0, "median_precision": 0.9402060563524486, "median_recall": 0.9402232347101658, "fbeta_precision": 0.9854402205311045, "fbeta_recall": 0.9919456840797962, "auc": 0.97972572496349}}