{"arguments": {"num_samples": 9991, "split_train_test_ratio": 0.5, "number_angles": 200, "nearest_k": 99, "c_dist_approx": true, "output_folder": "Results//Curves-Dataset_grT-Complexity_2-Iteration_0"}, "knn": {"max_precision": 1.0, "max_recall": 1.0, "median_precision": 0.9125448527609359, "median_recall": 0.9125436243075639, "fbeta_precision": 0.9912338769754134, "fbeta_recall": 0.9882962023504752, "auc": 0.9789215209238435}}