{"arguments": {"num_samples": 10000, "split_train_test_ratio": 0.5, "number_angles": 200, "nearest_k": 100, "c_dist_approx": true, "output_folder": "Results//Curves-Dataset_grT-Complexity_8-Iteration_24"}, "knn": {"max_precision": 1.0, "max_recall": 1.0, "median_precision": 0.9059895089669637, "median_recall": 0.891795461951598, "fbeta_precision": 0.9877641590034268, "fbeta_recall": 0.9672481785820344, "auc": 0.9577484987494105}}