{"arguments": {"num_samples": 10000, "split_train_test_ratio": 0.5, "number_angles": 200, "nearest_k": 100, "c_dist_approx": true, "output_folder": "Results//Curves-Dataset_grT-Complexity_8-Iteration_24"}, "knn": {"max_precision": 1.0, "max_recall": 1.0, "median_precision": 0.8854791085747661, "median_recall": 0.8716060493456709, "fbeta_precision": 0.9888637829764411, "fbeta_recall": 0.969012885111979, "auc": 0.9517611672292849}}