{"arguments": {"num_samples": 10000, "split_train_test_ratio": 0.5, "number_angles": 200, "nearest_k": 100, "c_dist_approx": true, "output_folder": "Results//Curves-Dataset_grT-Complexity_4-Iteration_27"}, "knn": {"max_precision": 1.0, "max_recall": 1.0, "median_precision": 0.8738133713295831, "median_recall": 0.8738138511023594, "fbeta_precision": 0.988218422083532, "fbeta_recall": 0.9868028443808219, "auc": 0.9609555456503958}}