{"arguments": {"num_samples": 9, "split_train_test_ratio": 0.5, "number_angles": 200, "nearest_k": 3, "c_dist_approx": true, "output_folder": "Results//Curves-Dataset_grT-Complexity_4-Iteration_27"}, "knn": {"max_precision": 0.4, "max_recall": 1.0, "median_precision": 0.10000000005000001, "median_recall": 0.9803987038929698, "fbeta_precision": 0.20246647640918042, "fbeta_recall": 0.9420079167277859, "auc": 0.1960797407825541}}