{"arguments": {"num_samples": 10000, "split_train_test_ratio": 0.5, "number_angles": 200, "nearest_k": 100, "c_dist_approx": true, "output_folder": "Results//Curves-Dataset_grT-Complexity_4-Iteration_27"}, "knn": {"max_precision": 1.0, "max_recall": 1.0, "median_precision": 0.8748075754282548, "median_recall": 0.8611000645922049, "fbeta_precision": 0.9881390443356554, "fbeta_recall": 0.9804658943238116, "auc": 0.9508743796324056}}