{"arguments": {"num_samples": 10000, "split_train_test_ratio": 0.5, "number_angles": 200, "nearest_k": 100, "c_dist_approx": true, "output_folder": "Results//Curves-Dataset_grT-Complexity_8-Iteration_5"}, "knn": {"max_precision": 1.0, "max_recall": 1.0, "median_precision": 0.877012580016043, "median_recall": 0.877014742108944, "fbeta_precision": 0.9896377723873746, "fbeta_recall": 0.9757888515023908, "auc": 0.9564907176183574}}