{"arguments": {"num_samples": 10000, "split_train_test_ratio": 0.5, "number_angles": 200, "nearest_k": 100, "c_dist_approx": true, "output_folder": "Results//Curves-Dataset_grT-Complexity_8-Iteration_5"}, "knn": {"max_precision": 1.0, "max_recall": 1.0, "median_precision": 0.8800123619375082, "median_recall": 0.8800150536497079, "fbeta_precision": 0.9872347476658778, "fbeta_recall": 0.9744012377219107, "auc": 0.9567339326234214}}