{"arguments": {"num_samples": 10000, "split_train_test_ratio": 0.5, "number_angles": 200, "nearest_k": 100, "c_dist_approx": true, "output_folder": "Results//Curves-Dataset_grT-Complexity_1-Iteration_16"}, "knn": {"max_precision": 1.0, "max_recall": 1.0, "median_precision": 0.8786162811203171, "median_recall": 0.8786110908511919, "fbeta_precision": 0.9824183899627138, "fbeta_recall": 0.9753923470766416, "auc": 0.9519578762546348}}