{"arguments": {"num_samples": 10000, "split_train_test_ratio": 0.5, "number_angles": 200, "nearest_k": 100, "c_dist_approx": true, "output_folder": "Results//Curves-Dataset_grT-Complexity_1-Iteration_16"}, "knn": {"max_precision": 1.0, "max_recall": 1.0, "median_precision": 0.9029820634396344, "median_recall": 0.8888341894546508, "fbeta_precision": 0.9892365206294831, "fbeta_recall": 0.9796676247458899, "auc": 0.9639518532413331}}