{"arguments": {"num_samples": 9962, "split_train_test_ratio": 0.5, "number_angles": 200, "nearest_k": 99, "c_dist_approx": true, "output_folder": "Results//Curves-Dataset_grT-Complexity_2-Iteration_25"}, "knn": {"max_precision": 1.0, "max_recall": 1.0, "median_precision": 0.9346704698966581, "median_recall": 0.9200241891784289, "fbeta_precision": 0.9929424245910733, "fbeta_recall": 0.9808527497903939, "auc": 0.9750003843983379}}