{"arguments": {"num_samples": 10000, "split_train_test_ratio": 0.5, "number_angles": 200, "nearest_k": 100, "c_dist_approx": true, "output_folder": "Results//Curves-Dataset_grT-Complexity_2-Iteration_25"}, "knn": {"max_precision": 1.0, "max_recall": 1.0, "median_precision": 0.9070344922191311, "median_recall": 0.8928300958011688, "fbeta_precision": 0.99010527040858, "fbeta_recall": 0.9771117261218241, "auc": 0.9668858072829699}}