{"arguments": {"num_samples": 10000, "split_train_test_ratio": 0.5, "number_angles": 200, "nearest_k": 100, "c_dist_approx": true, "output_folder": "Results//Curves-Dataset_grT-Complexity_8-Iteration_14"}, "knn": {"max_precision": 1.0, "max_recall": 1.0, "median_precision": 0.9584187609847971, "median_recall": 0.9584110970820072, "fbeta_precision": 0.9964909244440683, "fbeta_recall": 0.990020935401597, "auc": 0.9931482197734589}}