{"arguments": {"num_samples": 10000, "split_train_test_ratio": 0.5, "number_angles": 200, "nearest_k": 100, "c_dist_approx": true, "output_folder": "Results//Curves-Dataset_grT-Complexity_4-Iteration_12"}, "knn": {"max_precision": 1.0, "max_recall": 1.0, "median_precision": 0.9550119382420694, "median_recall": 0.9550178139008753, "fbeta_precision": 0.9961287555997256, "fbeta_recall": 0.9963113758969064, "auc": 0.9940185448131672}}