{"arguments": {"num_samples": 10000, "split_train_test_ratio": 0.5, "number_angles": 200, "nearest_k": 100, "c_dist_approx": true, "output_folder": "Results//Curves-Dataset_grT-Complexity_4-Iteration_4"}, "knn": {"max_precision": 1.0, "max_recall": 1.0, "median_precision": 0.9518157577318339, "median_recall": 0.9518138947180665, "fbeta_precision": 0.9941167740625916, "fbeta_recall": 0.9886427876124925, "auc": 0.9907403552683166}}