{"arguments": {"num_samples": 10000, "split_train_test_ratio": 0.5, "number_angles": 200, "nearest_k": 100, "c_dist_approx": true, "output_folder": "Results//Curves-Dataset_grT-Complexity_1-Iteration_12"}, "knn": {"max_precision": 1.0, "max_recall": 1.0, "median_precision": 0.798235846871663, "median_recall": 0.8238484851223709, "fbeta_precision": 0.9543922655083088, "fbeta_recall": 0.9730358768492678, "auc": 0.8954463038371385}}