{"arguments": {"num_samples": 10000, "split_train_test_ratio": 0.5, "number_angles": 200, "nearest_k": 100, "c_dist_approx": true, "output_folder": "Results//Curves-Dataset_grT-Complexity_1-Iteration_12"}, "knn": {"max_precision": 1.0, "max_recall": 1.0, "median_precision": 0.8056998497089367, "median_recall": 0.818522409001498, "fbeta_precision": 0.963729758554073, "fbeta_recall": 0.964122320889162, "auc": 0.893877265480951}}