{"arguments": {"num_samples": 10000, "split_train_test_ratio": 0.5, "number_angles": 200, "nearest_k": 100, "c_dist_approx": true, "output_folder": "Results//Curves-Dataset_grT-Complexity_4-Iteration_3"}, "knn": {"max_precision": 1.0, "max_recall": 1.0, "median_precision": 0.9418115270082612, "median_recall": 0.9418178139008753, "fbeta_precision": 0.9885631836360174, "fbeta_recall": 0.9902305385129215, "auc": 0.9845089412951356}}