{"arguments": {"num_samples": 9727, "split_train_test_ratio": 0.5, "number_angles": 200, "nearest_k": 98, "c_dist_approx": true, "output_folder": "Results//Curves-Dataset_grT-Complexity_4-Iteration_3"}, "knn": {"max_precision": 1.0, "max_recall": 1.0, "median_precision": 0.9188058756151282, "median_recall": 0.9188049853156594, "fbeta_precision": 0.9851431248906606, "fbeta_recall": 0.9914433301823905, "auc": 0.9810177009815693}}