{"arguments": {"num_samples": 10000, "split_train_test_ratio": 0.5, "number_angles": 200, "nearest_k": 100, "c_dist_approx": true, "output_folder": "Results//Curves-Dataset_grT-Complexity_4-Iteration_3"}, "knn": {"max_precision": 1.0, "max_recall": 1.0, "median_precision": 0.939615016264816, "median_recall": 0.9396142561053524, "fbeta_precision": 0.9922970132949114, "fbeta_recall": 0.9919737391354856, "auc": 0.9891635703066672}}