{"arguments": {"num_samples": 10000, "split_train_test_ratio": 0.5, "number_angles": 200, "nearest_k": 100, "c_dist_approx": true, "output_folder": "Results//Curves-Dataset_grT-Complexity_2-Iteration_4"}, "knn": {"max_precision": 1.0, "max_recall": 1.0, "median_precision": 0.921612743131921, "median_recall": 0.9216070855516502, "fbeta_precision": 0.9847092404827372, "fbeta_recall": 0.9918612610377558, "auc": 0.9775549758651962}}