{"arguments": {"num_samples": 9772, "split_train_test_ratio": 0.5, "number_angles": 200, "nearest_k": 98, "c_dist_approx": true, "output_folder": "Results//Curves-Dataset_grT-Complexity_2-Iteration_4"}, "knn": {"max_precision": 1.0, "max_recall": 1.0, "median_precision": 0.903608648864688, "median_recall": 0.9179938622849428, "fbeta_precision": 0.9744423828326741, "fbeta_recall": 0.9922940697523841, "auc": 0.9708265052337959}}