{"arguments": {"num_samples": 10000, "split_train_test_ratio": 0.5, "number_angles": 200, "nearest_k": 100, "c_dist_approx": true, "output_folder": "Results//Curves-Dataset_grT-Complexity_2-Iteration_4"}, "knn": {"max_precision": 1.0, "max_recall": 1.0, "median_precision": 0.9069778017950569, "median_recall": 0.9214139534254101, "fbeta_precision": 0.9791307534178312, "fbeta_recall": 0.9913264319238474, "auc": 0.9734507529620023}}