{"arguments": {"num_samples": 10000, "split_train_test_ratio": 0.5, "number_angles": 200, "nearest_k": 100, "c_dist_approx": true, "output_folder": "Results//Curves-Dataset_grT-Complexity_1-Iteration_7"}, "knn": {"max_precision": 1.0, "max_recall": 1.0, "median_precision": 0.8061340282921995, "median_recall": 0.8189620521622336, "fbeta_precision": 0.9652121363836635, "fbeta_recall": 0.9809204886220643, "auc": 0.9059252055431662}}