{"arguments": {"num_samples": 10000, "split_train_test_ratio": 0.5, "number_angles": 200, "nearest_k": 100, "c_dist_approx": true, "output_folder": "Results//Curves-Dataset_grT-Complexity_1-Iteration_7"}, "knn": {"max_precision": 1.0, "max_recall": 1.0, "median_precision": 0.7941920435424772, "median_recall": 0.8068331461776208, "fbeta_precision": 0.9606476473101725, "fbeta_recall": 0.9774351898365387, "auc": 0.8979292291886258}}