{"arguments": {"num_samples": 10000, "split_train_test_ratio": 0.5, "number_angles": 200, "nearest_k": 100, "c_dist_approx": true, "output_folder": "Results//Curves-Dataset_grT-Complexity_8-Iteration_7"}, "knn": {"max_precision": 0.6208, "max_recall": 1.0, "median_precision": 0.2989929676738966, "median_recall": 0.3448040930261316, "fbeta_precision": 0.4368428854782752, "fbeta_recall": 0.5494565182055337, "auc": 0.19208390323272037}}