{"arguments": {"num_samples": 2928, "split_train_test_ratio": 0.5, "number_angles": 200, "nearest_k": 54, "c_dist_approx": true, "output_folder": "src//PREnsemble//Results//Curves-Dataset_grT-Complexity_8-Iteration_7"}, "knn": {"max_precision": 0.2459016393442623, "max_recall": 1.0, "median_precision": 0.08702671846161904, "median_recall": 0.4444419291628322, "fbeta_precision": 0.15715782438519876, "fbeta_recall": 0.5141590560633189, "auc": 0.0732843289470902}}