{"arguments": {"num_samples": 10000, "split_train_test_ratio": 0.5, "number_angles": 200, "nearest_k": 100, "c_dist_approx": true, "output_folder": "Results//Curves-Dataset_grT-Complexity_8-Iteration_7"}, "knn": {"max_precision": 0.6302, "max_recall": 1.0, "median_precision": 0.3182070657445234, "median_recall": 0.3182028474825813, "fbeta_precision": 0.467765784131133, "fbeta_recall": 0.49216194587864304, "auc": 0.1899360580989629}}