{"arguments": {"num_samples": 10000, "split_train_test_ratio": 0.5, "number_angles": 200, "nearest_k": 100, "c_dist_approx": true, "output_folder": "Results//Curves-Dataset_grT-Complexity_1-Iteration_1"}, "knn": {"max_precision": 0.9632, "max_recall": 1.0, "median_precision": 0.8027185756211087, "median_recall": 0.8826011353446827, "fbeta_precision": 0.8871980318945841, "fbeta_recall": 0.9779149565795883, "auc": 0.8726389243714641}}