{"arguments": {"num_samples": 10000, "split_train_test_ratio": 0.5, "number_angles": 200, "nearest_k": 100, "c_dist_approx": true, "output_folder": "Results//Curves-Dataset_grT-Complexity_1-Iteration_1"}, "knn": {"max_precision": 0.9582, "max_recall": 1.0, "median_precision": 0.8092995459678243, "median_recall": 0.8898400010681016, "fbeta_precision": 0.8839784287391601, "fbeta_recall": 0.9833612063721876, "auc": 0.8715105415265079}}