{"arguments": {"num_samples": 10000, "split_train_test_ratio": 0.5, "number_angles": 200, "nearest_k": 100, "c_dist_approx": true, "output_folder": "Results//Curves-Dataset_grT-Complexity_1-Iteration_1"}, "knn": {"max_precision": 0.9658, "max_recall": 1.0, "median_precision": 0.796702285160805, "median_recall": 0.8899943814895257, "fbeta_precision": 0.8743431302350484, "fbeta_recall": 0.9867679898884766, "auc": 0.8673323942641046}}