{"arguments": {"num_samples": 10000, "split_train_test_ratio": 0.5, "number_angles": 200, "nearest_k": 100, "c_dist_approx": true, "output_folder": "Results//Curves-Dataset_grT-Complexity_1-Iteration_28"}, "knn": {"max_precision": 1.0, "max_recall": 1.0, "median_precision": 0.8123414536598594, "median_recall": 0.8384093301523969, "fbeta_precision": 0.9659087276534516, "fbeta_recall": 0.9801653609805486, "auc": 0.908906821767695}}