{"arguments": {"num_samples": 10000, "split_train_test_ratio": 0.5, "number_angles": 200, "nearest_k": 100, "c_dist_approx": true, "output_folder": "Results//Curves-Dataset_grT-Complexity_1-Iteration_28"}, "knn": {"max_precision": 1.0, "max_recall": 1.0, "median_precision": 0.8173576241526055, "median_recall": 0.8435894448741517, "fbeta_precision": 0.9611652595023343, "fbeta_recall": 0.9706913502622694, "auc": 0.9038886772641328}}