{"arguments": {"num_samples": 10000, "split_train_test_ratio": 0.5, "number_angles": 200, "nearest_k": 100, "c_dist_approx": true, "output_folder": "Results//Curves-Dataset_grT-Complexity_1-Iteration_28"}, "knn": {"max_precision": 1.0, "max_recall": 1.0, "median_precision": 0.820328741909355, "median_recall": 0.8333902552575623, "fbeta_precision": 0.9735997898714595, "fbeta_recall": 0.977753924315309, "auc": 0.9099746426478433}}