{"arguments": {"num_samples": 10000, "split_train_test_ratio": 0.5, "number_angles": 200, "nearest_k": 100, "c_dist_approx": true, "output_folder": "Results//Curves-Dataset_grT-Complexity_8-Iteration_3"}, "knn": {"max_precision": 1.0, "max_recall": 1.0, "median_precision": 0.9238139570262192, "median_recall": 0.9238148231095427, "fbeta_precision": 0.9891794073302062, "fbeta_recall": 0.9924696305538455, "auc": 0.9825760296151027}}