{"arguments": {"num_samples": 10000, "split_train_test_ratio": 0.5, "number_angles": 200, "nearest_k": 100, "c_dist_approx": true, "output_folder": "Results//Curves-Dataset_grT-Complexity_1-Iteration_25"}, "knn": {"max_precision": 0.9218, "max_recall": 0.9966, "median_precision": 0.2887005483358796, "median_recall": 0.38508680377209203, "fbeta_precision": 0.7247474050585837, "fbeta_recall": 0.8262565981138175, "auc": 0.3304547285077045}}