{"arguments": {"num_samples": 10000, "split_train_test_ratio": 0.5, "number_angles": 200, "nearest_k": 100, "c_dist_approx": true, "output_folder": "Results//Curves-Dataset_grT-Complexity_1-Iteration_25"}, "knn": {"max_precision": 0.9266, "max_recall": 1.0, "median_precision": 0.29012948774193237, "median_recall": 0.3934253985648698, "fbeta_precision": 0.7235995551643719, "fbeta_recall": 0.8136962174595537, "auc": 0.33027045036345043}}