{"arguments": {"num_samples": 10000, "split_train_test_ratio": 0.5, "number_angles": 200, "nearest_k": 100, "c_dist_approx": true, "output_folder": "Results//Curves-Dataset_grT-Complexity_1-Iteration_25"}, "knn": {"max_precision": 0.9312, "max_recall": 1.0, "median_precision": 0.2778229633092091, "median_recall": 0.3894639173191159, "fbeta_precision": 0.7037882227628014, "fbeta_recall": 0.8170632767057264, "auc": 0.3227178535132762}}