{"arguments": {"num_samples": 10000, "split_train_test_ratio": 0.5, "number_angles": 200, "nearest_k": 100, "c_dist_approx": true, "output_folder": "Results//Curves-Dataset_grT-Complexity_2-Iteration_6"}, "knn": {"max_precision": 1.0, "max_recall": 1.0, "median_precision": 0.8980168045088003, "median_recall": 0.8980111718517906, "fbeta_precision": 0.981448813995653, "fbeta_recall": 0.9823676338168593, "auc": 0.9673986086148259}}