{"arguments": {"num_samples": 9749, "split_train_test_ratio": 0.5, "number_angles": 200, "nearest_k": 98, "c_dist_approx": true, "output_folder": "Results//Curves-Dataset_grT-Complexity_2-Iteration_6"}, "knn": {"max_precision": 1.0, "max_recall": 1.0, "median_precision": 0.8692680220881717, "median_recall": 0.8692657290630079, "fbeta_precision": 0.9794751498606599, "fbeta_recall": 0.9824460094508953, "auc": 0.9505516954523716}}