{"arguments": {"num_samples": 10000, "split_train_test_ratio": 0.5, "number_angles": 200, "nearest_k": 100, "c_dist_approx": true, "output_folder": "Results//Curves-Dataset_grT-Complexity_2-Iteration_6"}, "knn": {"max_precision": 1.0, "max_recall": 1.0, "median_precision": 0.8892132529440928, "median_recall": 0.889214449260626, "fbeta_precision": 0.9825631198080953, "fbeta_recall": 0.9736194090798288, "auc": 0.957656148102074}}