{"arguments": {"num_samples": 10000, "split_train_test_ratio": 0.5, "number_angles": 200, "nearest_k": 100, "c_dist_approx": true, "output_folder": "Results//Curves-Dataset_grT-Complexity_2-Iteration_7"}, "knn": {"max_precision": 1.0, "max_recall": 1.0, "median_precision": 0.8302146424158995, "median_recall": 0.8302112216983129, "fbeta_precision": 0.9813722788234137, "fbeta_recall": 0.9705013813864893, "auc": 0.9254118704331564}}