{"arguments": {"num_samples": 9896, "split_train_test_ratio": 0.5, "number_angles": 200, "nearest_k": 99, "c_dist_approx": true, "output_folder": "Results//Curves-Dataset_grT-Complexity_2-Iteration_7"}, "knn": {"max_precision": 1.0, "max_recall": 1.0, "median_precision": 0.8387363918055581, "median_recall": 0.8387351703239863, "fbeta_precision": 0.9799466383133686, "fbeta_recall": 0.9734062605032529, "auc": 0.9280269552356636}}