{"arguments": {"num_samples": 10000, "split_train_test_ratio": 0.5, "number_angles": 200, "nearest_k": 100, "c_dist_approx": true, "output_folder": "Results//Curves-Dataset_grT-Complexity_2-Iteration_7"}, "knn": {"max_precision": 1.0, "max_recall": 1.0, "median_precision": 0.8366720319248591, "median_recall": 0.8499907235249808, "fbeta_precision": 0.9819202149192687, "fbeta_recall": 0.9793846022449385, "auc": 0.9343113544609232}}