{"arguments": {"num_samples": 10000, "split_train_test_ratio": 0.5, "number_angles": 200, "nearest_k": 100, "c_dist_approx": true, "output_folder": "Results//Curves-Dataset_grT-Complexity_4-Iteration_0"}, "knn": {"max_precision": 1.0, "max_recall": 1.0, "median_precision": 0.8802141439506773, "median_recall": 0.8802132778673541, "fbeta_precision": 0.9866330078919888, "fbeta_recall": 0.9770099693887061, "auc": 0.9567442799937166}}