{"arguments": {"num_samples": 5350, "split_train_test_ratio": 0.5, "number_angles": 200, "nearest_k": 73, "c_dist_approx": true, "output_folder": "Results//Curves-Dataset_grT-Complexity_4-Iteration_0"}, "knn": {"max_precision": 0.5629906542056075, "max_recall": 1.0, "median_precision": 0.4488219733928812, "median_recall": 0.8507700317037725, "fbeta_precision": 0.5384986353760836, "fbeta_recall": 0.9444030788835128, "auc": 0.48822316285294454}}