{"arguments": {"num_samples": 10000, "split_train_test_ratio": 0.5, "number_angles": 200, "nearest_k": 100, "c_dist_approx": true, "output_folder": "Results//Curves-Dataset_grT-Complexity_4-Iteration_0"}, "knn": {"max_precision": 1.0, "max_recall": 1.0, "median_precision": 0.8821365105491622, "median_recall": 0.8683154831028146, "fbeta_precision": 0.988181640931865, "fbeta_recall": 0.9839174562814567, "auc": 0.957266432985352}}