{"arguments": {"num_samples": 10000, "split_train_test_ratio": 0.5, "number_angles": 200, "nearest_k": 100, "c_dist_approx": true, "output_folder": "Results//Curves-Dataset_grT-Complexity_2-Iteration_13"}, "knn": {"max_precision": 1.0, "max_recall": 1.0, "median_precision": 0.8788107781472786, "median_recall": 0.8788150213324819, "fbeta_precision": 0.9869615401693369, "fbeta_recall": 0.9873754910597521, "auc": 0.9617824408585415}}