{"arguments": {"num_samples": 8734, "split_train_test_ratio": 0.5, "number_angles": 200, "nearest_k": 93, "c_dist_approx": true, "output_folder": "Results//Curves-Dataset_grT-Complexity_2-Iteration_13"}, "knn": {"max_precision": 0.8795511792992902, "max_recall": 1.0, "median_precision": 0.7767949649151753, "median_recall": 0.8958301196273557, "fbeta_precision": 0.8541554852455175, "fbeta_recall": 0.9719253385583905, "auc": 0.8375235785523613}}