{"arguments": {"num_samples": 9879, "split_train_test_ratio": 0.5, "number_angles": 200, "nearest_k": 99, "c_dist_approx": true, "output_folder": "Results//Curves-Dataset_grT-Complexity_2-Iteration_27"}, "knn": {"max_precision": 1.0, "max_recall": 1.0, "median_precision": 0.9192417488354212, "median_recall": 0.9192484274117145, "fbeta_precision": 0.9783793455875727, "fbeta_recall": 0.9874407381921382, "auc": 0.972070717243436}}