{"arguments": {"num_samples": 10000, "split_train_test_ratio": 0.5, "number_angles": 200, "nearest_k": 100, "c_dist_approx": true, "output_folder": "Results//Curves-Dataset_grT-Complexity_2-Iteration_27"}, "knn": {"max_precision": 1.0, "max_recall": 1.0, "median_precision": 0.9305013185096023, "median_recall": 0.9305059577256164, "fbeta_precision": 0.9764941895403995, "fbeta_recall": 0.9868839250296132, "auc": 0.9780443624035404}}