{"arguments": {"num_samples": 10000, "split_train_test_ratio": 0.5, "number_angles": 200, "nearest_k": 100, "c_dist_approx": true, "output_folder": "Results//Curves-Dataset_grT-Complexity_2-Iteration_27"}, "knn": {"max_precision": 1.0, "max_recall": 1.0, "median_precision": 0.905412467861368, "median_recall": 0.9054157390393882, "fbeta_precision": 0.979157225585098, "fbeta_recall": 0.9853924280274424, "auc": 0.969266749550206}}