{"arguments": {"num_samples": 10000, "split_train_test_ratio": 0.5, "number_angles": 200, "nearest_k": 100, "c_dist_approx": true, "output_folder": "Results//Curves-Dataset_grT-Complexity_8-Iteration_12"}, "knn": {"max_precision": 1.0, "max_recall": 1.0, "median_precision": 0.9197304832135847, "median_recall": 0.9197317118473438, "fbeta_precision": 0.994358798123198, "fbeta_recall": 0.9880246369178268, "auc": 0.9827581001670921}}