{"arguments": {"num_samples": 10000, "split_train_test_ratio": 0.5, "number_angles": 200, "nearest_k": 100, "c_dist_approx": true, "output_folder": "Results//Curves-Dataset_grT-Complexity_8-Iteration_12"}, "knn": {"max_precision": 1.0, "max_recall": 1.0, "median_precision": 0.9343622598736363, "median_recall": 0.9343561295815404, "fbeta_precision": 0.9868132661901681, "fbeta_recall": 0.9895149921602112, "auc": 0.9827736962577205}}