{"arguments": {"num_samples": 10000, "split_train_test_ratio": 0.5, "number_angles": 200, "nearest_k": 100, "c_dist_approx": true, "output_folder": "Results//Curves-Dataset_grT-Complexity_2-Iteration_14"}, "knn": {"max_precision": 1.0, "max_recall": 1.0, "median_precision": 0.9566168107396156, "median_recall": 0.9566129912498513, "fbeta_precision": 0.9952188715014385, "fbeta_recall": 0.9953985575160639, "auc": 0.9938087279329114}}