{"arguments": {"num_samples": 10000, "split_train_test_ratio": 0.5, "number_angles": 200, "nearest_k": 100, "c_dist_approx": true, "output_folder": "Results//Curves-Dataset_grT-Complexity_2-Iteration_14"}, "knn": {"max_precision": 1.0, "max_recall": 1.0, "median_precision": 0.9377568886020887, "median_recall": 0.937762890788431, "fbeta_precision": 0.9939721572247777, "fbeta_recall": 0.9924834820435047, "auc": 0.9873594577566436}}