{"arguments": {"num_samples": 9156, "split_train_test_ratio": 0.5, "number_angles": 200, "nearest_k": 95, "c_dist_approx": true, "output_folder": "Results//Curves-Dataset_grT-Complexity_2-Iteration_14"}, "knn": {"max_precision": 1.0, "max_recall": 1.0, "median_precision": 0.8750556475429083, "median_recall": 0.9031281086591304, "fbeta_precision": 0.9599564112687545, "fbeta_recall": 0.9898264606766248, "auc": 0.9426059560920819}}