{"arguments": {"num_samples": 9209, "split_train_test_ratio": 0.5, "number_angles": 200, "nearest_k": 95, "c_dist_approx": true, "output_folder": "Results//Curves-Dataset_grT-Complexity_4-Iteration_23"}, "knn": {"max_precision": 1.0, "max_recall": 1.0, "median_precision": 0.901204783703564, "median_recall": 0.9155511547348061, "fbeta_precision": 0.9771163377039533, "fbeta_recall": 0.9935429756826452, "auc": 0.9671362016067808}}