{"arguments": {"num_samples": 10000, "split_train_test_ratio": 0.5, "number_angles": 200, "nearest_k": 100, "c_dist_approx": true, "output_folder": "Results//Curves-Dataset_grT-Complexity_4-Iteration_23"}, "knn": {"max_precision": 1.0, "max_recall": 1.0, "median_precision": 0.9550204059200301, "median_recall": 0.9550093462229146, "fbeta_precision": 0.9942569116702532, "fbeta_recall": 0.9915786083628452, "auc": 0.9918842842861327}}