{"arguments": {"num_samples": 10000, "split_train_test_ratio": 0.5, "number_angles": 200, "nearest_k": 100, "c_dist_approx": true, "output_folder": "Results//Curves-Dataset_grT-Complexity_4-Iteration_23"}, "knn": {"max_precision": 1.0, "max_recall": 1.0, "median_precision": 0.9589637097908333, "median_recall": 0.9589580140775893, "fbeta_precision": 0.9941283042373186, "fbeta_recall": 0.9950401189560706, "auc": 0.9942101112938002}}