{"arguments": {"num_samples": 10000, "split_train_test_ratio": 0.5, "number_angles": 200, "nearest_k": 100, "c_dist_approx": true, "output_folder": "Results//Curves-Dataset_grT-Complexity_1-Iteration_8"}, "knn": {"max_precision": 1.0, "max_recall": 1.0, "median_precision": 0.8610139258721426, "median_recall": 0.8610128977876221, "fbeta_precision": 0.9729825396354833, "fbeta_recall": 0.9707488275150102, "auc": 0.9368220409956433}}