{"arguments": {"num_samples": 10000, "split_train_test_ratio": 0.5, "number_angles": 200, "nearest_k": 100, "c_dist_approx": true, "output_folder": "Results//Curves-Dataset_grT-Complexity_1-Iteration_8"}, "knn": {"max_precision": 1.0, "max_recall": 1.0, "median_precision": 0.8590376515932578, "median_recall": 0.8455781241199591, "fbeta_precision": 0.9756352037133541, "fbeta_recall": 0.9638548845779933, "auc": 0.9329737465404149}}