{"arguments": {"num_samples": 10000, "split_train_test_ratio": 0.5, "number_angles": 200, "nearest_k": 100, "c_dist_approx": true, "output_folder": "Results//Curves-Dataset_grT-Complexity_2-Iteration_17"}, "knn": {"max_precision": 1.0, "max_recall": 1.0, "median_precision": 0.9090131781743095, "median_recall": 0.9090151408811217, "fbeta_precision": 0.990702382386416, "fbeta_recall": 0.986578978593958, "auc": 0.975562180220984}}