{"arguments": {"num_samples": 10000, "split_train_test_ratio": 0.5, "number_angles": 200, "nearest_k": 100, "c_dist_approx": true, "output_folder": "Results//Curves-Dataset_grT-Complexity_2-Iteration_17"}, "knn": {"max_precision": 1.0, "max_recall": 1.0, "median_precision": 0.915612735786425, "median_recall": 0.9156157888859106, "fbeta_precision": 0.9821698136063576, "fbeta_recall": 0.9827906242025428, "auc": 0.9714216905416636}}