{"arguments": {"num_samples": 2202, "split_train_test_ratio": 0.5, "number_angles": 200, "nearest_k": 46, "c_dist_approx": true, "output_folder": "Results//Curves-Dataset_grT-Complexity_2-Iteration_17"}, "knn": {"max_precision": 0.25522252497729336, "max_recall": 1.0, "median_precision": 0.23408674236112315, "median_recall": 0.9220520532746438, "fbeta_precision": 0.2538365031509943, "fbeta_recall": 0.940793034773692, "auc": 0.24761838390597668}}