{"arguments": {"num_samples": 10000, "split_train_test_ratio": 0.5, "number_angles": 200, "nearest_k": 100, "c_dist_approx": true, "output_folder": "Results//Curves-Dataset_grT-Complexity_8-Iteration_0"}, "knn": {"max_precision": 1.0, "max_recall": 1.0, "median_precision": 0.9234101250748241, "median_recall": 0.9234186425993071, "fbeta_precision": 0.9884442155442233, "fbeta_recall": 0.9948572999538788, "auc": 0.9832526735692153}}