{"arguments": {"num_samples": 10000, "split_train_test_ratio": 0.5, "number_angles": 200, "nearest_k": 100, "c_dist_approx": true, "output_folder": "Results//Curves-Dataset_grT-Complexity_8-Iteration_26"}, "knn": {"max_precision": 1.0, "max_recall": 1.0, "median_precision": 0.8926122435520181, "median_recall": 0.8926155645765605, "fbeta_precision": 0.99118115145219, "fbeta_recall": 0.9864850078348095, "auc": 0.9672239131409179}}