{"arguments": {"num_samples": 10000, "split_train_test_ratio": 0.5, "number_angles": 200, "nearest_k": 100, "c_dist_approx": true, "output_folder": "Results//Curves-Dataset_grT-Complexity_2-Iteration_19"}, "knn": {"max_precision": 1.0, "max_recall": 1.0, "median_precision": 0.9232091094519341, "median_recall": 0.9232196519913818, "fbeta_precision": 0.9868559575651561, "fbeta_recall": 0.9850388018848982, "auc": 0.979368396965886}}