{"arguments": {"num_samples": 10000, "split_train_test_ratio": 0.5, "number_angles": 200, "nearest_k": 100, "c_dist_approx": true, "output_folder": "Results//Curves-Dataset_grT-Complexity_2-Iteration_19"}, "knn": {"max_precision": 1.0, "max_recall": 1.0, "median_precision": 0.9294830845668454, "median_recall": 0.929478377559945, "fbeta_precision": 0.9900363962094836, "fbeta_recall": 0.9906742971295776, "auc": 0.980570651406795}}