{"arguments": {"num_samples": 10000, "split_train_test_ratio": 0.5, "number_angles": 200, "nearest_k": 100, "c_dist_approx": true, "output_folder": "Results//Curves-Dataset_grT-Complexity_1-Iteration_13"}, "knn": {"max_precision": 1.0, "max_recall": 1.0, "median_precision": 0.8650862280365997, "median_recall": 0.8515355522060636, "fbeta_precision": 0.9703718950083993, "fbeta_recall": 0.9662589587834797, "auc": 0.9256167469137733}}