{"arguments": {"num_samples": 10000, "split_train_test_ratio": 0.5, "number_angles": 200, "nearest_k": 100, "c_dist_approx": true, "output_folder": "Results//Curves-Dataset_grT-Complexity_1-Iteration_13"}, "knn": {"max_precision": 1.0, "max_recall": 1.0, "median_precision": 0.8538164618139601, "median_recall": 0.8538101375364547, "fbeta_precision": 0.9647568132612452, "fbeta_recall": 0.9757854797041564, "auc": 0.9303895410723946}}