{"arguments": {"num_samples": 10000, "split_train_test_ratio": 0.5, "number_angles": 200, "nearest_k": 100, "c_dist_approx": true, "output_folder": "Results//Curves-Dataset_grT-Complexity_1-Iteration_13"}, "knn": {"max_precision": 1.0, "max_recall": 1.0, "median_precision": 0.8606829270154503, "median_recall": 0.8743725556928035, "fbeta_precision": 0.9592845511189738, "fbeta_recall": 0.9740336710015138, "auc": 0.9330161482621024}}