{"arguments": {"num_samples": 9926, "split_train_test_ratio": 0.5, "number_angles": 200, "nearest_k": 99, "c_dist_approx": true, "output_folder": "Results//Curves-Dataset_grT-Complexity_2-Iteration_26"}, "knn": {"max_precision": 1.0, "max_recall": 1.0, "median_precision": 0.9227171088931845, "median_recall": 0.9227092623093689, "fbeta_precision": 0.986316482192954, "fbeta_recall": 0.9870892496667916, "auc": 0.9754153925298932}}