{"arguments": {"num_samples": 10000, "split_train_test_ratio": 0.5, "number_angles": 200, "nearest_k": 100, "c_dist_approx": true, "output_folder": "Results//Curves-Dataset_grT-Complexity_2-Iteration_26"}, "knn": {"max_precision": 1.0, "max_recall": 1.0, "median_precision": 0.9075757765201391, "median_recall": 0.9075800672255657, "fbeta_precision": 0.9787849872434664, "fbeta_recall": 0.9864097036684376, "auc": 0.9669278280131491}}