{"arguments": {"num_samples": 10000, "split_train_test_ratio": 0.5, "number_angles": 200, "nearest_k": 100, "c_dist_approx": true, "output_folder": "Results//Curves-Dataset_grT-Complexity_8-Iteration_17"}, "knn": {"max_precision": 1.0, "max_recall": 1.0, "median_precision": 0.9020145265927842, "median_recall": 0.9020147532284333, "fbeta_precision": 0.9939834941704576, "fbeta_recall": 0.9874331825462257, "auc": 0.9756446159828774}}