{"arguments": {"num_samples": 10000, "split_train_test_ratio": 0.5, "number_angles": 200, "nearest_k": 100, "c_dist_approx": true, "output_folder": "Results//Curves-Dataset_grT-Complexity_8-Iteration_17"}, "knn": {"max_precision": 1.0, "max_recall": 1.0, "median_precision": 0.9034134710226275, "median_recall": 0.903414673569976, "fbeta_precision": 0.9897604247064685, "fbeta_recall": 0.9852533501451339, "auc": 0.9758977448122088}}