{"arguments": {"num_samples": 10000, "split_train_test_ratio": 0.5, "number_angles": 200, "nearest_k": 100, "c_dist_approx": true, "output_folder": "Results//Curves-Dataset_grT-Complexity_4-Iteration_24"}, "knn": {"max_precision": 1.0, "max_recall": 1.0, "median_precision": 0.9304130847120803, "median_recall": 0.9304159010405854, "fbeta_precision": 0.9816327369156289, "fbeta_recall": 0.9761986884944115, "auc": 0.9658913037300368}}