{"arguments": {"num_samples": 9994, "split_train_test_ratio": 0.5, "number_angles": 200, "nearest_k": 99, "c_dist_approx": true, "output_folder": "Results//Curves-Dataset_grT-Complexity_4-Iteration_24"}, "knn": {"max_precision": 1.0, "max_recall": 1.0, "median_precision": 0.9385742977379875, "median_recall": 0.9385812180951588, "fbeta_precision": 0.9875585829127073, "fbeta_recall": 0.9867097551220605, "auc": 0.9833853052575102}}