{"arguments": {"num_samples": 10000, "split_train_test_ratio": 0.5, "number_angles": 200, "nearest_k": 100, "c_dist_approx": true, "output_folder": "Results//Curves-Dataset_grT-Complexity_4-Iteration_24"}, "knn": {"max_precision": 1.0, "max_recall": 1.0, "median_precision": 0.9259338107777215, "median_recall": 0.9259383444849439, "fbeta_precision": 0.986853793318639, "fbeta_recall": 0.9808717460500695, "auc": 0.9766267511496572}}