{"arguments": {"num_samples": 10000, "split_train_test_ratio": 0.5, "number_angles": 200, "nearest_k": 100, "c_dist_approx": true, "output_folder": "Results//Curves-Dataset_grT-Complexity_8-Iteration_20"}, "knn": {"max_precision": 1.0, "max_recall": 1.0, "median_precision": 0.9192155396532993, "median_recall": 0.9192130971737111, "fbeta_precision": 0.9896064106766645, "fbeta_recall": 0.9820909342433977, "auc": 0.9760021382351274}}