{"arguments": {"num_samples": 10000, "split_train_test_ratio": 0.5, "number_angles": 200, "nearest_k": 100, "c_dist_approx": true, "output_folder": "Results//Curves-Dataset_grT-Complexity_1-Iteration_4"}, "knn": {"max_precision": 1.0, "max_recall": 1.0, "median_precision": 0.8806144367989953, "median_recall": 0.8806129974806667, "fbeta_precision": 0.9835251310470764, "fbeta_recall": 0.9863488204569296, "auc": 0.958248072574633}}