{"arguments": {"num_samples": 10000, "split_train_test_ratio": 0.5, "number_angles": 200, "nearest_k": 100, "c_dist_approx": true, "output_folder": "Results//Curves-Dataset_grT-Complexity_1-Iteration_4"}, "knn": {"max_precision": 1.0, "max_recall": 1.0, "median_precision": 0.8658902574710811, "median_recall": 0.8658841263488493, "fbeta_precision": 0.9921739125661424, "fbeta_recall": 0.9836851739703838, "auc": 0.9546510846350426}}