{"arguments": {"num_samples": 9971, "split_train_test_ratio": 0.5, "number_angles": 200, "nearest_k": 99, "c_dist_approx": true, "output_folder": "Results//Curves-Dataset_grT-Complexity_2-Iteration_23"}, "knn": {"max_precision": 1.0, "max_recall": 1.0, "median_precision": 0.9248037064835062, "median_recall": 0.9248039251743754, "fbeta_precision": 0.9912693371318846, "fbeta_recall": 0.9942550610222461, "auc": 0.9840305836791499}}