{"arguments": {"num_samples": 10000, "split_train_test_ratio": 0.5, "number_angles": 200, "nearest_k": 100, "c_dist_approx": true, "output_folder": "Results//Curves-Dataset_grT-Complexity_2-Iteration_23"}, "knn": {"max_precision": 1.0, "max_recall": 1.0, "median_precision": 0.9194181305093048, "median_recall": 0.919408933825957, "fbeta_precision": 0.9932771642952153, "fbeta_recall": 0.9912716980992647, "auc": 0.9810674538045961}}