{"arguments": {"num_samples": 10000, "split_train_test_ratio": 0.5, "number_angles": 200, "nearest_k": 100, "c_dist_approx": true, "output_folder": "Results//Curves-Dataset_grT-Complexity_2-Iteration_23"}, "knn": {"max_precision": 1.0, "max_recall": 1.0, "median_precision": 0.91827693095394, "median_recall": 0.9182649428653484, "fbeta_precision": 0.9940330461687948, "fbeta_recall": 0.9902969091522613, "auc": 0.9810056197345977}}