{"arguments": {"num_samples": 9993, "split_train_test_ratio": 0.5, "number_angles": 200, "nearest_k": 99, "c_dist_approx": true, "output_folder": "Results//Curves-Dataset_grT-Complexity_2-Iteration_24"}, "knn": {"max_precision": 1.0, "max_recall": 1.0, "median_precision": 0.9236729089373669, "median_recall": 0.9236719499795893, "fbeta_precision": 0.9903188685063867, "fbeta_recall": 0.99366570627831, "auc": 0.9848295575524362}}