{"arguments": {"num_samples": 10000, "split_train_test_ratio": 0.5, "number_angles": 200, "nearest_k": 100, "c_dist_approx": true, "output_folder": "Results//Curves-Dataset_grT-Complexity_2-Iteration_24"}, "knn": {"max_precision": 1.0, "max_recall": 1.0, "median_precision": 0.919812037935114, "median_recall": 0.9198166175843423, "fbeta_precision": 0.9905651029401928, "fbeta_recall": 0.9885063361900753, "auc": 0.9786315865573009}}