{"arguments": {"num_samples": 10000, "split_train_test_ratio": 0.5, "number_angles": 200, "nearest_k": 100, "c_dist_approx": true, "output_folder": "Results//Curves-Dataset_grT-Complexity_8-Iteration_25"}, "knn": {"max_precision": 1.0, "max_recall": 1.0, "median_precision": 0.9391429851244177, "median_recall": 0.9391367803955522, "fbeta_precision": 0.9908423201440538, "fbeta_recall": 0.9836217969849148, "auc": 0.9831676067163628}}