{"arguments": {"num_samples": 10000, "split_train_test_ratio": 0.5, "number_angles": 200, "nearest_k": 100, "c_dist_approx": true, "output_folder": "Results//Curves-Dataset_grT-Complexity_8-Iteration_23"}, "knn": {"max_precision": 1.0, "max_recall": 1.0, "median_precision": 0.9494740756138573, "median_recall": 0.9494646234670832, "fbeta_precision": 0.9908229506533495, "fbeta_recall": 0.9951480902031724, "auc": 0.9902975155079504}}