{"arguments": {"num_samples": 10000, "split_train_test_ratio": 0.5, "number_angles": 200, "nearest_k": 100, "c_dist_approx": true, "output_folder": "Results//Curves-Dataset_grT-Complexity_8-Iteration_23"}, "knn": {"max_precision": 1.0, "max_recall": 1.0, "median_precision": 0.928418443213218, "median_recall": 0.9284104802312949, "fbeta_precision": 0.9936342286322669, "fbeta_recall": 0.9955788657588464, "auc": 0.9862106768184202}}