{"arguments": {"num_samples": 10000, "split_train_test_ratio": 0.5, "number_angles": 200, "nearest_k": 100, "c_dist_approx": true, "output_folder": "Results//Curves-Dataset_grT-Complexity_1-Iteration_6"}, "knn": {"max_precision": 1.0, "max_recall": 1.0, "median_precision": 0.8716154898067769, "median_recall": 0.8716116640861974, "fbeta_precision": 0.9669588999964438, "fbeta_recall": 0.9708646158911644, "auc": 0.9398316327904396}}