{"arguments": {"num_samples": 10000, "split_train_test_ratio": 0.5, "number_angles": 200, "nearest_k": 100, "c_dist_approx": true, "output_folder": "Results//Curves-Dataset_grT-Complexity_1-Iteration_6"}, "knn": {"max_precision": 1.0, "max_recall": 1.0, "median_precision": 0.8636154960375924, "median_recall": 0.8636114086227712, "fbeta_precision": 0.9705272430594188, "fbeta_recall": 0.9745459568654657, "auc": 0.93888199343336}}