{"arguments": {"num_samples": 10000, "split_train_test_ratio": 0.5, "number_angles": 200, "nearest_k": 100, "c_dist_approx": true, "output_folder": "Results//Curves-Dataset_grT-Complexity_1-Iteration_6"}, "knn": {"max_precision": 1.0, "max_recall": 1.0, "median_precision": 0.8645651876383207, "median_recall": 0.8783242228222706, "fbeta_precision": 0.9661188661804322, "fbeta_recall": 0.9761223568101023, "auc": 0.9413781013081901}}