{"arguments": {"num_samples": 10000, "split_train_test_ratio": 0.5, "number_angles": 200, "nearest_k": 100, "c_dist_approx": true, "output_folder": "Results//Curves-Dataset_grT-Complexity_2-Iteration_15"}, "knn": {"max_precision": 1.0, "max_recall": 1.0, "median_precision": 0.9196149664182938, "median_recall": 0.919613682870347, "fbeta_precision": 0.9894493624238272, "fbeta_recall": 0.9863062488752519, "auc": 0.9776396461776968}}