{"arguments": {"num_samples": 10000, "split_train_test_ratio": 0.5, "number_angles": 200, "nearest_k": 100, "c_dist_approx": true, "output_folder": "Results//Curves-Dataset_grT-Complexity_2-Iteration_15"}, "knn": {"max_precision": 1.0, "max_recall": 1.0, "median_precision": 0.9124133214830609, "median_recall": 0.91241510349623, "fbeta_precision": 0.9839767324510268, "fbeta_recall": 0.9861615447740163, "auc": 0.9743759957328155}}