{"arguments": {"num_samples": 10000, "split_train_test_ratio": 0.5, "number_angles": 200, "nearest_k": 100, "c_dist_approx": true, "output_folder": "Results//Curves-Dataset_grT-Complexity_2-Iteration_22"}, "knn": {"max_precision": 1.0, "max_recall": 1.0, "median_precision": 0.8539062655387455, "median_recall": 0.8674942434844326, "fbeta_precision": 0.9741302791556239, "fbeta_recall": 0.978627009326884, "auc": 0.937030679890688}}