{"arguments": {"num_samples": 9350, "split_train_test_ratio": 0.5, "number_angles": 200, "nearest_k": 96, "c_dist_approx": true, "output_folder": "Results//Curves-Dataset_grT-Complexity_2-Iteration_22"}, "knn": {"max_precision": 1.0, "max_recall": 1.0, "median_precision": 0.8631633303310597, "median_recall": 0.8631587780370329, "fbeta_precision": 0.9792310497926889, "fbeta_recall": 0.9739987718240944, "auc": 0.9381173216672274}}