{"arguments": {"num_samples": 10000, "split_train_test_ratio": 0.5, "number_angles": 200, "nearest_k": 100, "c_dist_approx": true, "output_folder": "Results//Curves-Dataset_grT-Complexity_2-Iteration_22"}, "knn": {"max_precision": 1.0, "max_recall": 1.0, "median_precision": 0.8510140442576328, "median_recall": 0.8510124678613681, "fbeta_precision": 0.9741014062510799, "fbeta_recall": 0.9750889663448441, "auc": 0.9319360838936925}}