{"arguments": {"num_samples": 10000, "split_train_test_ratio": 0.5, "number_angles": 200, "nearest_k": 100, "c_dist_approx": true, "output_folder": "Results//Curves-Dataset_grT-Complexity_2-Iteration_10"}, "knn": {"max_precision": 1.0, "max_recall": 1.0, "median_precision": 0.9144165552761894, "median_recall": 0.9144119320112543, "fbeta_precision": 0.9913115273185814, "fbeta_recall": 0.9932411495084379, "auc": 0.9794370032952758}}