{"arguments": {"num_samples": 9681, "split_train_test_ratio": 0.5, "number_angles": 200, "nearest_k": 98, "c_dist_approx": true, "output_folder": "Results//Curves-Dataset_grT-Complexity_2-Iteration_10"}, "knn": {"max_precision": 1.0, "max_recall": 1.0, "median_precision": 0.9099514859806307, "median_recall": 0.9099487895216338, "fbeta_precision": 0.9838387438295467, "fbeta_recall": 0.9834052875021363, "auc": 0.9716762441726036}}