{"arguments": {"num_samples": 10000, "split_train_test_ratio": 0.5, "number_angles": 200, "nearest_k": 100, "c_dist_approx": true, "output_folder": "Results//Curves-Dataset_grT-Complexity_1-Iteration_10"}, "knn": {"max_precision": 1.0, "max_recall": 1.0, "median_precision": 0.7456694270862432, "median_recall": 0.7695991232476542, "fbeta_precision": 0.9546625746810128, "fbeta_recall": 0.9497836591577581, "auc": 0.8382750078430763}}