{"arguments": {"num_samples": 10000, "split_train_test_ratio": 0.5, "number_angles": 200, "nearest_k": 100, "c_dist_approx": true, "output_folder": "Results//Curves-Dataset_grT-Complexity_1-Iteration_10"}, "knn": {"max_precision": 1.0, "max_recall": 1.0, "median_precision": 0.7542132652625175, "median_recall": 0.7784196874984943, "fbeta_precision": 0.9490880860817829, "fbeta_recall": 0.95175710586363, "auc": 0.8413303170519135}}