{"arguments": {"num_samples": 10000, "split_train_test_ratio": 0.5, "number_angles": 200, "nearest_k": 100, "c_dist_approx": true, "output_folder": "Results//Curves-Dataset_grT-Complexity_1-Iteration_14"}, "knn": {"max_precision": 1.0, "max_recall": 1.0, "median_precision": 0.8414159010405853, "median_recall": 0.8414103119992824, "fbeta_precision": 0.9728789688985038, "fbeta_recall": 0.9742709170359204, "auc": 0.9281072042803267}}