{"arguments": {"num_samples": 10000, "split_train_test_ratio": 0.5, "number_angles": 200, "nearest_k": 100, "c_dist_approx": true, "output_folder": "Results//Curves-Dataset_grT-Complexity_1-Iteration_14"}, "knn": {"max_precision": 1.0, "max_recall": 1.0, "median_precision": 0.8230142685669829, "median_recall": 0.8230113712378795, "fbeta_precision": 0.9720295056222045, "fbeta_recall": 0.9670463416497104, "auc": 0.9136537968625875}}