{"arguments": {"num_samples": 10000, "split_train_test_ratio": 0.5, "number_angles": 200, "nearest_k": 100, "c_dist_approx": true, "output_folder": "Results//Curves-Dataset_grT-Complexity_1-Iteration_14"}, "knn": {"max_precision": 1.0, "max_recall": 1.0, "median_precision": 0.8504280845975251, "median_recall": 0.8371031912709805, "fbeta_precision": 0.9858754349551371, "fbeta_recall": 0.9665764633858036, "auc": 0.9322310994143053}}