{"arguments": {"num_samples": 10000, "split_train_test_ratio": 0.5, "number_angles": 200, "nearest_k": 100, "c_dist_approx": true, "output_folder": "Results//Curves-Dataset_grT-Complexity_8-Iteration_22"}, "knn": {"max_precision": 1.0, "max_recall": 1.0, "median_precision": 0.8918162624278714, "median_recall": 0.8918115207774462, "fbeta_precision": 0.9882801637340022, "fbeta_recall": 0.9865121545606083, "auc": 0.9661353441550566}}