{"arguments": {"num_samples": 10000, "split_train_test_ratio": 0.5, "number_angles": 200, "nearest_k": 100, "c_dist_approx": true, "output_folder": "Results//Curves-Dataset_grT-Complexity_8-Iteration_4"}, "knn": {"max_precision": 1.0, "max_recall": 1.0, "median_precision": 0.9082158013475408, "median_recall": 0.9082124927846292, "fbeta_precision": 0.9913807913271216, "fbeta_recall": 0.9896871437802687, "auc": 0.9775030844907243}}