{"arguments": {"num_samples": 8666, "split_train_test_ratio": 0.5, "number_angles": 200, "nearest_k": 93, "c_dist_approx": true, "output_folder": "src//PREnsemble//Results//Curves-Dataset_grT-Complexity_8-Iteration_4"}, "knn": {"max_precision": 0.8901453957996769, "max_recall": 1.0, "median_precision": 0.8034732364903213, "median_recall": 0.8975671539300664, "fbeta_precision": 0.8837126235354476, "fbeta_recall": 0.9872391485511021, "auc": 0.8684283205361236}}