{"arguments": {"num_samples": 10000, "split_train_test_ratio": 0.5, "number_angles": 200, "nearest_k": 100, "c_dist_approx": true, "output_folder": "Results//Curves-Dataset_grT-Complexity_2-Iteration_16"}, "knn": {"max_precision": 1.0, "max_recall": 1.0, "median_precision": 0.9272157452702033, "median_recall": 0.927213140789418, "fbeta_precision": 0.9888426111583962, "fbeta_recall": 0.9904096469418204, "auc": 0.9839204575125338}}