{"arguments": {"num_samples": 10000, "split_train_test_ratio": 0.5, "number_angles": 200, "nearest_k": 100, "c_dist_approx": true, "output_folder": "Results//Curves-Dataset_grT-Complexity_2-Iteration_16"}, "knn": {"max_precision": 1.0, "max_recall": 1.0, "median_precision": 0.9232130473271887, "median_recall": 0.923215714116127, "fbeta_precision": 0.9860129156981643, "fbeta_recall": 0.9912626824339914, "auc": 0.9801020517827436}}